,gen,score,total,angle,range,speed,rspeed
40,0,3,30,157.71,22.47,23.79,287.11
41,0,3,30,145.64,14.96,24.15,299.86
42,0,3,30,127.02,10.78,23.37,161.4
43,0,2,30,118.03,22.88,23.12,282.82
44,0,2,30,105.8,19.31,16.14,157.7
45,0,2,30,149.56,22.95,20.65,279.71
46,0,2,30,147.74,23.53,17.84,201.55
47,0,2,30,97.07,11.68,16.49,217.83
48,0,2,30,118.54,9.04,21.6,163.83
49,0,1,30,135.27,8.05,14.23,163.7
50,0,1,30,136.23,12.98,21.63,198.42
51,0,1,30,95.29,12.88,18.08,227.44
52,0,1,30,154.95,23.8,16.12,292.36
53,0,1,30,113.94,10.37,12.86,250.52
54,0,1,30,122.39,17.45,15.16,240.3
55,0,1,30,139.81,16.41,18.29,173.47
56,0,1,30,148.49,24.98,23.98,232.57
57,0,1,30,108.91,11.45,18.89,237.63
58,0,0,30,138.11,12.29,10.22,156.97
59,0,0,30,116.62,12.95,10.83,276.98
60,0,0,30,111.58,17.88,19.37,200.07
61,0,0,30,159.51,16.63,17.33,177.83
62,0,0,30,91.33,24.89,11.26,152.79
63,0,0,30,106.33,11.14,18.76,244.49
64,0,0,30,108.32,14.06,13.77,224.27
65,0,0,30,151.9,14.05,12.68,180.28
66,0,0,30,113.58,8.73,17.67,249.49
67,0,0,30,107.05,9.93,15.51,232.09
68,0,0,30,156.19,20.52,11.9,201.02
69,0,0,30,126.26,24.66,11.35,180.16
70,1,3,30,124.71,14.11,19.26,200.85
71,1,3,30,149.02,23.97,22.31,230.53
72,1,3,30,126.5,17.67,20.93,257.27
73,1,3,30,131.83,18.92,23.64,291.34
74,1,2,30,125.72,15.42,20.14,228.78
75,1,2,30,156.33,23.13,19.96,289.73
76,1,2,30,152.72,23.0,20.82,244.33
77,1,2,30,112.17,14.17,18.87,160.77
78,1,2,30,147.6,18.96,22.4,289.78
79,1,2,30,116.31,17.2,19.77,258.67
80,1,1,30,159.16,19.68,19.47,226.59
81,1,1,30,116.41,15.04,19.76,159.55
82,1,1,30,128.32,17.49,18.37,219.59
83,1,1,30,113.73,10.24,20.24,200.73
84,1,1,30,142.42,15.5,17.44,221.71
85,1,1,30,132.88,23.2,20.48,242.18
86,1,0,30,134.44,17.09,14.49,298.58
87,1,0,30,112.04,11.23,17.94,189.61
88,1,0,30,133.14,16.29,19.72,182.69
89,1,0,30,127.68,23.24,18.4,218.7
90,1,0,30,122.78,9.91,22.48,162.61
91,1,0,30,146.69,19.25,21.0,250.7
92,1,0,30,151.11,17.16,20.61,181.47
93,1,0,30,147.38,20.1,17.21,232.91
94,1,0,30,124.71,14.11,19.26,200.85
95,1,0,30,109.73,14.57,15.82,229.06
96,1,0,30,157.71,22.47,23.79,287.11
97,1,0,30,139.44,21.42,16.99,179.63
98,1,0,30,130.84,16.95,15.35,226.03
99,1,0,30,122.78,9.91,22.48,162.61
100,2,6,30,140.43,21.44,22.97,260.93
101,2,3,30,130.6,19.07,20.59,195.65
102,2,2,30,131.83,18.92,23.64,291.34
103,2,2,30,137.37,19.69,19.11,229.65
104,2,2,30,126.5,17.67,20.93,257.27
105,2,2,30,150.87,23.48,21.57,237.43
106,2,2,30,134.52,20.1,20.29,251.5
107,2,1,30,153.38,19.32,20.93,258.18
108,2,1,30,140.24,21.08,21.44,265.98
109,2,1,30,119.34,15.92,19.9,209.02
110,2,1,30,137.96,18.22,20.38,254.69
111,2,1,30,138.71,18.56,20.04,222.59
112,2,1,30,138.71,18.56,20.04,222.59
113,2,1,30,136.32,20.17,19.86,274.2
114,2,1,30,139.22,19.21,20.48,236.55
115,2,1,30,125.6,15.89,20.1,229.06
116,2,1,30,129.37,16.35,18.61,240.19
117,2,1,30,151.96,21.05,21.18,289.76
118,2,0,30,148.31,21.46,22.36,260.15
119,2,0,30,136.32,20.17,19.86,246.78
120,2,0,30,134.46,16.59,19.19,239.49
121,2,0,30,149.37,19.32,18.7,255.72
122,2,0,30,143.74,18.59,17.03,223.09
123,2,0,30,126.51,15.8,18.81,210.22
124,2,0,30,136.15,16.54,20.83,245.32
125,2,0,30,128.27,16.52,21.45,246.09
126,2,0,30,122.78,14.58,21.94,246.03
127,2,0,30,140.52,18.62,19.61,245.29
128,2,0,30,128.79,18.66,19.87,221.52
129,2,0,30,152.72,23.0,22.9,244.33
130,3,4,30,129.02,17.24,19.97,215.8
131,3,3,30,138.97,18.88,22.29,229.57
132,3,2,30,140.43,21.44,22.97,260.93
133,3,2,30,138.9,20.57,21.04,245.29
134,3,2,30,145.67,18.77,20.66,256.43
135,3,2,30,138.04,19.13,21.53,226.12
136,3,2,30,132.16,17.23,20.07,225.82
137,3,1,30,152.67,20.18,21.06,273.97
138,3,1,30,133.46,19.56,21.95,259.1
139,3,1,30,137.47,20.77,21.63,256.21
140,3,1,30,124.97,17.5,20.25,202.33
141,3,1,30,144.12,21.59,20.34,233.54
142,3,1,30,138.97,18.88,20.26,229.57
143,3,1,30,127.83,18.05,19.88,217.45
144,3,1,30,139.83,20.33,21.73,248.74
145,3,1,30,134.28,18.65,20.49,225.17
146,3,1,30,132.56,19.59,20.44,223.57
147,3,1,30,149.07,20.26,21.78,228.29
148,3,1,30,128.72,17.41,21.87,260.2
149,3,1,30,120.12,19.56,21.95,259.1
150,3,0,30,126.5,17.67,20.93,257.27
151,3,0,30,146.9,20.38,21.95,259.56
152,3,0,30,137.37,19.69,19.11,229.65
153,3,0,30,146.05,18.94,20.49,240.39
154,3,0,30,129.02,17.24,19.97,237.38
155,3,0,30,140.34,19.13,22.21,263.46
156,3,0,30,134.9,18.9,20.79,250.56
157,3,0,30,138.97,18.88,20.26,229.57
158,3,0,30,140.43,21.44,22.97,260.93
159,3,0,30,136.62,19.33,20.17,237.04
160,4,3,30,135.98,19.82,20.11,225.49
161,4,3,30,141.08,20.36,20.93,229.83
162,4,3,30,133.84,18.15,21.06,244.88
163,4,3,30,136.75,18.41,20.27,236.94
164,4,2,30,135.56,18.06,20.17,227.7
165,4,2,30,140.43,21.44,22.97,260.93
166,4,2,30,137.35,18.01,20.32,236.12
167,4,2,30,134.0,18.06,21.13,222.69
168,4,2,30,129.08,19.34,21.74,242.61
169,4,1,30,120.84,18.87,21.8,254.47
170,4,1,30,140.25,19.11,20.47,245.71
171,4,1,30,129.99,17.64,19.98,221.64
172,4,1,30,134.0,18.06,20.12,222.69
173,4,1,30,138.5,19.0,21.91,227.85
174,4,1,30,143.55,19.69,21.66,227.2
175,4,1,30,133.1,21.0,21.75,258.21
176,4,1,30,138.19,20.67,21.34,250.75
177,4,0,30,138.91,18.0,20.36,241.13
178,4,0,30,146.25,20.25,21.39,261.36
179,4,0,30,132.89,19.16,21.31,257.77
180,4,0,30,137.02,16.99,21.02,215.31
181,4,0,30,133.36,19.31,20.46,231.37
182,4,0,30,133.25,19.01,20.8,236.01
183,4,0,30,134.0,18.06,20.12,222.69
184,4,0,30,127.2,19.1,21.22,242.13
185,4,0,30,133.36,19.31,20.46,254.51
186,4,0,30,128.87,17.32,18.83,238.0
187,4,0,30,133.96,18.9,20.51,230.55
188,4,0,30,135.56,18.06,21.18,227.7
189,4,0,30,139.67,21.0,22.01,278.42
190,5,3,30,135.3,18.28,20.67,240.91
191,5,3,30,136.17,18.58,21.49,236.37
192,5,2,30,130.96,21.57,21.37,242.15
193,5,2,30,136.25,18.53,21.01,247.79
194,5,2,30,137.14,19.79,22.02,252.91
195,5,2,30,128.8,18.64,21.03,245.71
196,5,2,30,139.31,21.06,22.16,255.84
197,5,1,30,138.0,19.75,21.57,244.31
198,5,1,30,134.99,18.94,20.62,224.09
199,5,1,30,143.55,19.69,21.66,227.2
200,5,1,30,137.35,18.01,20.32,236.12
201,5,1,30,135.37,18.24,20.7,229.81
202,5,1,30,134.7,18.1,20.61,236.29
203,5,1,30,131.54,18.7,21.44,232.65
204,5,1,30,139.63,20.51,21.14,240.29
205,5,1,30,140.76,20.9,21.95,245.38
206,5,1,30,140.67,19.74,20.7,237.77
207,5,1,30,136.16,18.23,18.2,232.32
208,5,1,30,136.16,18.23,20.22,209.09
209,5,1,30,133.92,18.1,21.1,233.79
210,5,1,30,134.76,20.39,22.36,251.77
211,5,0,30,135.77,18.94,20.14,226.6
212,5,0,30,138.59,19.93,21.62,248.94
213,5,0,30,132.53,19.58,20.93,234.05
214,5,0,30,136.16,18.23,20.22,232.32
215,5,0,30,137.46,19.25,21.0,237.36
216,5,0,30,138.59,19.93,21.62,248.94
217,5,0,30,139.56,18.87,23.0,227.45
218,5,0,30,122.56,18.58,21.49,236.37
219,5,0,30,135.3,18.28,20.67,240.91
220,6,3,30,133.12,18.4,21.03,234.47
221,6,3,30,135.73,18.43,21.08,238.64
222,6,3,30,135.73,18.43,21.08,238.64
223,6,3,30,132.05,18.46,20.85,243.31
224,6,2,30,137.08,18.99,19.88,238.32
225,6,2,30,136.25,19.01,21.36,241.36
226,6,2,30,135.58,18.76,21.05,230.23
227,6,2,30,140.2,20.71,21.55,242.84
228,6,1,30,138.22,20.42,22.09,254.38
229,6,1,30,132.97,19.22,21.53,249.31
230,6,1,30,136.32,18.14,20.49,238.52
231,6,1,30,137.19,20.45,21.75,246.03
232,6,1,30,136.65,19.01,21.12,242.61
233,6,1,30,138.9,19.76,21.36,245.34
234,6,1,30,132.52,18.59,21.02,246.75
235,6,1,30,137.01,19.58,21.39,246.07
236,6,1,30,134.78,21.75,21.49,245.54
237,6,1,30,133.57,20.07,21.43,239.26
238,6,0,30,134.05,19.85,21.6,250.77
239,6,0,30,134.05,19.85,19.44,275.85
240,6,0,30,132.97,19.22,19.37,249.31
241,6,0,30,133.57,20.07,21.43,239.26
242,6,0,30,135.04,18.17,19.65,233.05
243,6,0,30,135.63,18.06,20.71,234.95
244,6,0,30,132.97,19.22,21.53,249.31
245,6,0,30,136.68,18.99,21.14,237.06
246,6,0,30,137.78,19.79,21.58,251.82
247,6,0,30,131.36,20.21,21.07,239.75
248,6,0,30,137.98,19.01,20.68,239.34
249,6,0,30,137.14,19.79,22.02,252.91
250,7,3,30,138.64,19.85,20.71,240.58
251,7,3,30,134.43,18.41,21.05,236.55
252,7,3,30,134.65,19.25,21.25,238.95
253,7,2,30,134.13,18.51,21.05,242.69
254,7,2,30,138.64,19.85,20.71,240.58
255,7,2,30,135.06,18.99,23.33,240.27
256,7,2,30,135.99,21.1,21.62,245.79
257,7,2,30,136.03,18.28,20.78,238.58
258,7,2,30,138.05,20.11,21.55,245.69
259,7,1,30,132.05,18.46,20.85,243.31
260,7,1,30,138.64,19.85,20.71,240.58
261,7,1,30,136.29,18.58,20.93,239.94
262,7,1,30,135.11,19.54,21.27,240.94
263,7,1,30,137.08,18.99,21.87,238.32
264,7,1,30,136.41,18.71,20.48,238.48
265,7,1,30,132.05,18.46,20.85,243.31
266,7,1,30,136.41,20.58,20.48,238.48
267,7,1,30,149.92,18.58,20.93,239.94
268,7,0,30,134.13,18.51,21.05,242.69
269,7,0,30,136.45,19.01,21.24,241.99
270,7,0,30,133.89,18.44,20.96,240.97
271,7,0,30,134.53,20.92,21.12,244.69
272,7,0,30,136.66,18.86,20.94,242.29
273,7,0,30,133.89,18.44,23.06,240.97
274,7,0,30,136.7,18.57,20.19,238.42
275,7,0,30,135.37,19.51,21.56,250.56
276,7,0,30,136.45,19.01,21.24,241.99
277,7,0,30,134.43,20.26,21.05,236.55
278,7,0,30,138.26,19.42,21.02,240.68
279,7,0,30,137.08,18.99,19.88,238.32
280,8,5,30,135.55,18.64,22.06,239.42
281,8,3,30,137.56,19.55,21.71,242.0
282,8,3,30,136.64,19.55,20.98,239.76
283,8,3,30,136.58,19.83,21.41,243.31
284,8,2,30,136.38,19.18,20.88,241.64
285,8,2,30,134.86,19.12,22.29,239.61
286,8,2,30,135.06,19.8,21.34,244.24
287,8,2,30,135.27,19.54,20.77,240.59
288,8,1,30,136.38,19.18,20.88,241.64
289,8,1,30,134.65,19.25,21.25,238.95
290,8,1,30,133.09,18.48,20.95,243.0
291,8,1,30,135.47,18.91,21.09,239.44
292,8,1,30,135.86,19.12,21.56,238.63
293,8,1,30,137.46,19.21,20.82,240.26
294,8,1,30,134.43,18.41,21.05,236.55
295,8,1,30,134.43,18.41,21.05,236.55
296,8,0,30,138.34,19.98,21.13,243.13
297,8,0,30,136.64,19.55,23.08,239.76
298,8,0,30,137.46,19.21,20.82,240.26
299,8,0,30,134.54,18.83,21.15,237.75
300,8,0,30,137.04,19.2,21.17,242.13
301,8,0,30,150.74,19.2,21.17,242.13
302,8,0,30,134.56,18.72,21.36,240.81
303,8,0,30,136.24,19.26,21.3,241.12
304,8,0,30,137.33,17.16,20.75,239.58
305,8,0,30,138.64,19.85,20.71,240.58
306,8,0,30,135.47,18.91,21.09,239.44
307,8,0,30,135.34,19.15,20.78,241.94
308,8,0,30,136.64,19.55,20.98,239.76
309,8,0,30,138.64,19.85,20.71,240.58
310,9,3,30,137.07,19.69,21.56,242.66
311,9,2,30,135.52,19.21,21.07,240.29
312,9,2,30,136.36,19.38,20.79,240.42
313,9,2,30,137.07,21.66,21.56,242.66
314,9,2,30,135.55,18.64,22.06,239.42
315,9,2,30,137.07,19.69,21.56,242.66
316,9,2,30,136.48,17.55,21.15,242.47
317,9,1,30,136.48,19.5,21.15,242.47
318,9,1,30,134.87,19.02,20.97,217.24
319,9,1,30,136.06,19.23,21.73,241.37
320,9,1,30,135.54,18.98,21.02,238.16
321,9,1,30,136.55,19.09,21.88,240.71
322,9,1,30,135.06,19.33,21.53,240.1
323,9,1,30,135.85,21.64,21.16,242.0
324,9,1,30,134.75,19.18,21.77,239.28
325,9,1,30,136.61,19.69,21.2,241.54
326,9,1,30,135.57,19.33,23.28,239.61
327,9,1,30,135.3,19.22,21.7,241.83
328,9,1,30,136.09,19.09,21.52,239.59
329,9,1,30,135.61,19.54,21.33,241.13
330,9,1,30,136.09,19.09,21.52,263.55
331,9,1,30,136.51,19.36,20.93,240.7
332,9,0,30,134.87,19.02,20.97,241.38
333,9,0,30,134.43,18.41,21.05,236.55
334,9,0,30,137.1,19.55,21.35,216.79
335,9,0,30,133.76,18.45,21.0,239.78
336,9,0,30,136.52,19.23,21.4,240.72
337,9,0,30,136.06,19.23,21.04,239.6
338,9,0,30,135.1,18.94,21.65,239.19
339,9,0,30,135.41,19.09,21.41,240.0
340,10,5,30,136.31,19.16,21.81,241.04
341,10,3,30,136.58,19.39,21.54,241.12
342,10,3,30,136.52,19.3,21.52,241.59
343,10,2,30,135.53,18.93,19.41,239.86
344,10,2,30,136.0,18.38,21.11,241.38
345,10,2,30,135.54,18.81,21.54,238.79
346,10,2,30,134.87,19.02,20.97,217.24
347,10,1,30,136.08,19.16,21.63,240.48
348,10,1,30,136.31,19.16,21.81,241.04
349,10,1,30,135.63,19.27,21.35,239.99
350,10,1,30,136.31,19.16,21.81,241.04
351,10,1,30,136.79,20.51,21.25,241.68
352,10,1,30,136.04,19.35,22.11,240.15
353,10,1,30,135.46,20.49,19.21,241.05
354,10,1,30,135.24,19.28,19.03,229.19
355,10,1,30,135.42,19.14,21.64,239.44
356,10,1,30,150.39,20.52,21.18,241.54
357,10,1,30,136.29,18.32,21.33,241.03
358,10,0,30,136.58,19.39,21.54,241.12
359,10,0,30,136.3,19.33,21.29,240.41
360,10,0,30,136.79,19.53,21.25,241.68
361,10,0,30,135.83,21.13,22.4,239.6
362,10,0,30,136.11,19.61,21.27,241.33
363,10,0,30,135.65,19.14,21.83,240.0
364,10,0,30,135.29,19.27,21.3,240.19
365,10,0,30,136.31,20.15,23.99,241.04
366,10,0,30,135.29,19.27,21.3,240.19
367,10,0,30,136.0,18.38,21.11,241.38
368,10,0,30,136.81,19.39,21.72,241.68
369,10,0,30,136.48,17.55,21.15,242.47
370,11,3,30,136.69,19.95,21.39,241.4
371,11,3,30,135.63,19.27,21.35,239.99
372,11,3,30,149.15,19.09,21.39,229.14
373,11,3,30,135.05,19.15,20.0,223.22
374,11,2,30,136.45,19.28,21.68,241.08
375,11,2,30,135.92,18.99,21.67,239.92
376,11,2,30,149.78,19.72,20.33,216.69
377,11,2,30,136.14,18.35,21.22,241.21
378,11,2,30,143.19,19.45,21.14,241.46
379,11,2,30,136.17,19.25,21.96,240.6
380,11,1,30,149.81,19.16,21.72,240.76
381,11,1,30,136.41,19.23,21.66,241.32
382,11,1,30,136.03,17.15,21.53,240.19
383,11,1,30,135.59,19.09,21.39,229.14
384,11,1,30,143.19,21.39,21.14,241.46
385,11,1,30,136.31,19.16,21.81,241.04
386,11,0,30,135.69,19.16,21.24,229.42
387,11,0,30,136.06,17.24,20.47,240.49
388,11,0,30,136.17,19.25,21.96,240.6
389,11,0,30,143.35,19.84,21.49,241.29
390,11,0,30,136.55,19.34,21.53,241.36
391,11,0,30,136.31,19.16,21.81,241.04
392,11,0,30,136.29,18.32,21.33,241.03
393,11,0,30,136.41,19.23,21.66,241.32
394,11,0,30,135.92,19.04,20.61,240.45
395,11,0,30,142.96,19.72,20.29,240.7
396,11,0,30,136.02,19.11,20.46,240.73
397,11,0,30,136.31,19.16,21.81,241.04
398,11,0,30,135.49,19.71,19.31,240.45
399,11,0,30,135.59,19.09,21.39,229.14
400,12,3,30,135.32,19.12,20.69,226.18
401,12,3,30,136.41,19.23,21.66,241.32
402,12,2,30,139.94,19.7,19.14,241.43
403,12,2,30,136.16,19.61,21.37,216.63
404,12,2,30,136.43,19.6,21.68,241.0
405,12,2,30,143.25,17.6,21.56,241.08
406,12,2,30,142.64,18.72,21.3,235.17
407,12,2,30,136.5,19.56,21.6,241.22
408,12,2,30,136.16,19.61,21.37,240.69
409,12,2,30,142.96,19.03,20.77,228.95
410,12,2,30,135.78,19.13,21.51,239.95
411,12,1,30,142.71,19.5,20.84,228.34
412,12,1,30,136.43,19.6,21.68,241.0
413,12,1,30,135.68,19.15,20.91,232.13
414,12,1,30,122.28,19.55,20.7,232.31
415,12,1,30,136.14,19.52,21.39,235.27
416,12,1,30,142.1,19.12,20.69,226.18
417,12,0,30,149.46,19.4,20.86,222.92
418,12,0,30,142.39,19.18,21.37,234.57
419,12,0,30,139.12,19.3,20.57,232.34
420,12,0,30,142.1,19.12,20.69,226.18
421,12,0,30,135.87,21.5,20.7,232.31
422,12,0,30,142.59,18.12,19.31,234.67
423,12,0,30,135.6,18.75,20.61,232.21
424,12,0,30,142.66,19.17,21.67,234.87
425,12,0,30,149.15,19.09,21.39,229.14
426,12,0,30,142.42,19.43,20.16,219.95
427,12,0,30,135.95,19.13,21.6,235.09
428,12,0,30,135.34,19.21,20.68,231.6
429,12,0,30,142.37,19.09,21.39,229.14
430,13,4,30,128.8,19.33,20.7,229.24
431,13,4,30,128.8,19.33,20.7,229.24
432,13,3,30,139.84,18.6,21.62,241.04
433,13,3,30,136.46,19.58,21.64,241.11
434,13,2,30,139.7,19.32,21.22,234.97
435,13,2,30,138.18,19.46,20.4,241.37
436,13,2,30,139.21,18.93,21.41,237.56
437,13,1,30,135.55,19.12,21.1,233.07
438,13,1,30,138.22,19.63,20.37,241.33
439,13,1,30,122.17,19.36,21.03,221.4
440,13,1,30,132.62,19.29,20.74,230.63
441,13,1,30,139.56,19.32,21.07,222.79
442,13,1,30,135.78,19.13,21.51,239.95
443,13,1,30,139.83,18.42,21.61,265.32
444,13,1,30,138.05,19.66,18.23,241.06
445,13,1,30,141.59,18.65,20.35,241.26
446,13,1,30,136.33,19.58,21.49,228.92
447,13,0,30,141.29,19.21,20.22,238.3
448,13,0,30,139.39,19.12,21.35,235.22
449,13,0,30,136.42,19.42,21.67,241.16
450,13,0,30,139.21,18.93,21.41,213.81
451,13,0,30,136.45,19.39,23.8,241.27
452,13,0,30,139.54,19.16,21.49,238.09
453,13,0,30,135.88,19.36,21.19,233.59
454,13,0,30,135.88,19.36,21.19,233.59
455,13,0,30,141.32,19.6,19.99,234.89
456,13,0,30,142.96,19.03,20.77,228.95
457,13,0,30,138.05,19.66,20.26,229.03
458,13,0,30,139.56,19.36,21.25,234.83
459,13,0,30,138.22,21.59,20.37,241.33
460,14,3,30,133.51,19.48,20.53,235.28
461,14,2,30,134.18,19.33,18.8,226.02
462,14,2,30,139.7,19.32,21.22,234.97
463,14,2,30,134.32,18.97,21.16,235.14
464,14,2,30,121.09,19.44,21.19,235.87
465,14,2,30,147.75,18.97,21.16,235.14
466,14,2,30,137.32,19.52,21.02,217.12
467,14,2,30,136.4,19.58,21.56,258.52
468,14,1,30,138.69,19.2,18.81,239.47
469,14,1,30,128.8,19.33,20.7,229.24
470,14,1,30,133.49,19.4,20.55,235.31
471,14,1,30,139.21,20.82,21.41,237.56
472,14,1,30,143.19,19.41,20.72,231.39
473,14,1,30,132.57,19.46,21.09,229.08
474,14,1,30,137.8,18.77,21.56,252.63
475,14,1,30,138.08,19.09,21.55,234.98
476,14,1,30,134.54,19.44,21.19,235.87
477,14,1,30,130.86,19.34,21.05,222.09
478,14,1,30,137.84,19.25,21.52,239.34
479,14,1,30,134.32,18.87,21.15,247.28
480,14,1,30,132.57,19.46,21.09,229.08
481,14,0,30,137.81,18.87,21.56,240.5
482,14,0,30,139.45,19.12,21.32,236.27
483,14,0,30,137.77,19.25,21.45,233.24
484,14,0,30,134.25,19.33,20.96,232.11
485,14,0,30,131.0,18.89,21.32,243.36
486,14,0,30,128.8,19.33,20.7,229.24
487,14,0,30,139.63,19.32,21.15,228.88
488,14,0,30,137.26,19.62,19.94,241.09
489,14,0,30,128.8,19.33,18.63,229.24
490,15,5,30,137.1,19.18,21.56,255.58
491,15,3,30,134.09,19.43,21.04,219.61
492,15,3,30,129.59,17.34,21.37,235.43
493,15,3,30,134.95,19.53,21.05,246.9
494,15,2,30,137.56,19.15,21.29,234.88
495,15,2,30,138.51,19.42,23.23,226.05
496,15,2,30,136.08,19.06,21.34,243.31
497,15,1,30,137.12,19.42,21.54,248.93
498,15,1,30,130.68,19.4,20.89,229.16
499,15,1,30,134.25,19.15,19.98,207.52
500,15,1,30,132.6,19.46,21.13,243.88
501,15,1,30,136.94,19.32,20.01,230.49
502,15,1,30,137.56,19.15,21.29,234.88
503,15,1,30,138.89,19.21,21.39,234.98
504,15,1,30,147.75,18.97,21.16,235.14
505,15,1,30,136.06,18.82,21.36,249.96
506,15,1,30,136.06,18.82,19.22,249.96
507,15,0,30,140.02,19.42,20.87,235.59
508,15,0,30,134.25,19.33,18.86,232.11
509,15,0,30,135.82,19.24,21.09,226.13
510,15,0,30,136.6,19.4,20.88,235.13
511,15,0,30,131.15,19.37,20.62,232.28
512,15,0,30,134.36,19.38,19.99,230.94
513,15,0,30,138.51,19.42,21.12,226.05
514,15,0,30,130.39,19.38,21.21,235.42
515,15,0,30,134.25,19.15,19.98,230.58
516,15,0,30,139.19,19.26,20.02,237.22
517,15,0,30,136.51,19.08,19.99,237.3
518,15,0,30,138.89,19.21,21.39,234.98
519,15,0,30,133.83,19.36,19.67,230.66
520,16,4,30,133.34,18.26,21.47,245.5
521,16,2,30,147.66,18.27,21.38,235.2
522,16,2,30,134.86,19.44,21.34,246.4
523,16,2,30,135.51,19.18,21.2,273.27
524,16,2,30,133.34,18.26,21.47,245.5
525,16,2,30,135.91,19.15,20.63,221.2
526,16,2,30,136.59,19.12,21.45,249.44
527,16,2,30,134.52,21.43,21.04,233.25
528,16,2,30,137.33,19.16,21.43,245.23
529,16,2,30,136.58,19.0,20.39,252.77
530,16,2,30,135.51,21.09,21.2,248.43
531,16,1,30,135.6,19.31,21.3,237.59
532,16,1,30,133.42,19.3,20.55,225.7
533,16,1,30,142.43,20.98,21.36,245.36
534,16,1,30,138.67,18.15,21.26,235.28
535,16,1,30,135.08,19.25,21.19,231.46
536,16,1,30,133.35,18.38,21.46,242.18
537,16,0,30,122.92,19.0,20.39,252.77
538,16,0,30,122.35,19.43,20.53,238.7
539,16,0,30,142.66,19.06,21.22,235.01
540,16,0,30,129.59,17.34,21.37,235.43
541,16,0,30,142.43,19.19,21.35,242.03
542,16,0,30,132.82,18.08,20.3,242.69
543,16,0,30,134.33,19.14,21.24,246.92
544,16,0,30,133.81,19.36,20.45,229.83
545,16,0,30,137.33,19.16,21.43,245.23
546,16,0,30,134.24,18.27,21.38,235.2
547,16,0,30,131.84,18.39,21.2,204.76
548,16,0,30,134.05,18.38,22.3,230.74
549,16,0,30,133.42,19.3,20.55,225.7
550,17,3,30,143.17,18.21,21.32,211.72
551,17,2,30,134.47,20.2,20.88,237.06
552,17,2,30,134.97,16.87,21.45,245.81
553,17,2,30,134.63,18.7,21.05,233.35
554,17,2,30,136.05,18.73,23.0,230.49
555,17,2,30,136.96,19.08,20.91,249.0
556,17,2,30,141.58,18.72,21.29,254.24
557,17,2,30,134.86,19.44,21.34,221.76
558,17,1,30,127.91,18.7,21.41,242.32
559,17,1,30,135.51,19.18,23.32,273.27
560,17,1,30,142.12,18.64,20.89,243.98
561,17,1,30,142.12,18.64,20.89,243.98
562,17,1,30,134.97,18.69,21.46,247.47
563,17,1,30,141.26,18.85,21.36,240.8
564,17,1,30,134.52,21.43,21.04,233.25
565,17,1,30,135.18,20.27,21.27,247.42
566,17,1,30,135.38,19.23,20.99,235.46
567,17,1,30,133.93,19.84,21.25,239.38
568,17,1,30,134.1,18.85,21.4,245.95
569,17,1,30,136.42,19.17,21.31,259.25
570,17,1,30,136.24,19.07,20.51,236.98
571,17,0,30,135.71,20.12,20.92,234.81
572,17,0,30,136.01,18.2,23.5,240.39
573,17,0,30,137.33,19.16,19.28,245.23
574,17,0,30,133.93,19.84,21.25,239.38
575,17,0,30,136.09,19.15,18.76,269.7
576,17,0,30,134.43,18.72,21.33,259.39
577,17,0,30,134.63,18.7,21.05,233.35
578,17,0,30,138.67,18.15,21.26,235.28
579,17,0,30,139.88,20.07,21.39,245.29
580,18,3,30,139.61,18.47,22.16,221.11
581,18,3,30,138.32,20.03,23.06,238.62
582,18,3,30,135.52,20.83,21.18,221.67
583,18,2,30,139.07,17.54,21.39,228.76
584,18,2,30,139.54,18.86,20.9,246.49
585,18,2,30,139.01,18.82,21.33,216.74
586,18,2,30,142.21,18.53,21.34,226.26
587,18,2,30,134.99,19.29,22.13,234.93
588,18,1,30,135.71,19.64,20.89,243.03
589,18,1,30,142.64,18.42,21.1,227.85
590,18,1,30,134.74,19.07,21.19,227.56
591,18,1,30,138.48,18.98,21.14,244.85
592,18,1,30,135.64,19.3,21.33,240.51
593,18,1,30,134.97,17.78,21.46,246.64
594,18,1,30,135.34,18.71,22.02,231.92
595,18,1,30,134.28,19.52,21.14,241.51
596,18,1,30,136.05,18.73,23.0,230.49
597,18,1,30,134.45,18.36,21.35,242.59
598,18,1,30,139.7,18.64,20.92,224.35
599,18,0,30,134.74,19.07,21.19,227.56
600,18,0,30,139.0,18.95,21.3,256.74
601,18,0,30,135.17,18.05,21.22,240.64
602,18,0,30,135.12,19.33,21.16,228.61
603,18,0,30,139.27,18.72,23.27,223.59
604,18,0,30,138.03,19.46,21.08,245.65
605,18,0,30,138.55,15.98,21.17,244.9
606,18,0,30,135.35,19.64,20.7,237.02
607,18,0,30,134.36,18.77,21.23,239.65
608,18,0,30,135.26,19.46,21.94,233.78
609,18,0,30,135.52,18.94,21.18,246.3
610,19,4,30,139.66,18.56,21.54,222.73
611,19,4,30,135.35,17.52,21.51,238.98
612,19,3,30,135.67,19.47,21.11,217.59
613,19,2,30,127.01,18.45,23.79,224.48
614,19,2,30,137.0,19.06,21.73,225.84
615,19,2,30,137.66,19.05,21.53,232.07
616,19,2,30,138.67,19.43,22.19,227.68
617,19,2,30,139.04,18.18,21.36,222.75
618,19,2,30,141.09,18.64,21.0,237.17
619,19,1,30,138.87,19.68,21.26,223.96
620,19,1,30,138.87,19.68,21.26,223.96
621,19,1,30,139.3,18.2,21.14,213.86
622,19,1,30,135.26,20.06,21.65,228.3
623,19,1,30,134.9,20.18,21.16,231.59
624,19,1,30,140.48,19.23,22.08,233.24
625,19,1,30,135.25,19.31,21.32,234.15
626,19,0,30,137.03,18.41,21.76,231.85
627,19,0,30,139.35,18.58,22.05,229.17
628,19,0,30,136.98,19.67,22.19,239.56
629,19,0,30,137.25,18.32,21.18,246.57
630,19,0,30,137.03,18.41,21.76,231.85
631,19,0,30,137.0,19.06,21.73,225.84
632,19,0,30,137.83,18.6,22.58,225.8
633,19,0,30,137.53,19.84,21.04,234.08
634,19,0,30,138.67,19.43,24.41,227.68
635,19,0,30,136.91,18.85,21.58,238.39
636,19,0,30,139.3,18.2,21.14,237.63
637,19,0,30,138.6,18.91,21.73,230.6
638,19,0,30,136.38,19.25,21.14,243.18
639,19,0,30,138.33,18.45,21.35,234.43
640,20,3,30,136.67,19.26,21.32,224.83
641,20,3,30,136.45,19.18,21.42,233.11
642,20,3,30,138.33,18.81,21.63,224.28
643,20,2,30,137.67,19.01,21.32,220.16
644,20,2,30,135.51,18.49,21.31,228.29
645,20,2,30,136.18,18.29,21.62,232.41
646,20,2,30,137.28,19.37,21.35,227.16
647,20,1,30,131.13,19.25,22.72,226.39
648,20,1,30,136.13,19.56,21.69,227.07
649,20,1,30,137.0,19.06,21.73,225.84
650,20,1,30,137.01,18.47,21.85,233.33
651,20,1,30,138.77,19.56,21.73,225.82
652,20,1,30,139.66,18.56,21.54,222.73
653,20,1,30,138.38,19.06,21.05,227.38
654,20,1,30,139.17,18.19,21.25,240.14
655,20,1,30,137.33,19.05,21.63,228.95
656,20,1,30,137.67,19.01,21.32,220.16
657,20,1,30,138.95,18.93,21.31,223.36
658,20,1,30,139.09,18.94,19.08,218.91
659,20,1,30,137.27,19.58,21.19,220.78
660,20,0,30,138.38,19.06,21.05,227.38
661,20,0,30,131.18,17.98,22.65,231.73
662,20,0,30,131.18,17.98,22.65,231.73
663,20,0,30,135.25,19.68,21.49,231.23
664,20,0,30,139.48,18.38,21.34,218.3
665,20,0,30,137.36,18.83,21.23,220.17
666,20,0,30,138.08,19.35,21.6,225.41
667,20,0,30,135.3,18.79,21.58,233.64
668,20,0,30,136.46,19.56,21.59,253.2
669,20,0,30,135.3,18.79,21.58,233.64
670,21,4,30,136.73,18.83,21.48,229.78
671,21,3,30,136.7,19.46,21.52,227.11
672,21,2,30,133.9,19.26,22.02,225.61
673,21,2,30,136.86,19.38,21.3,226.94
674,21,2,30,135.82,19.03,21.5,227.68
675,21,2,30,134.73,19.03,22.18,225.34
676,21,2,30,136.09,18.88,21.31,226.56
677,21,2,30,137.42,19.12,21.24,230.25
678,21,2,30,136.56,19.22,21.37,228.97
679,21,1,30,137.8,19.09,21.49,225.72
680,21,1,30,134.4,19.13,22.02,223.27
681,21,1,30,138.66,18.79,21.43,221.44
682,21,1,30,138.0,18.91,21.48,222.22
683,21,1,30,137.88,19.31,21.73,225.83
684,21,1,30,135.04,19.09,22.02,224.87
685,21,1,30,137.0,19.16,21.47,226.89
686,21,1,30,137.3,19.32,21.41,224.87
687,21,1,30,136.84,18.87,21.59,229.08
688,21,0,30,133.32,18.87,22.02,227.34
689,21,0,30,137.67,18.24,21.43,236.27
690,21,0,30,137.5,19.03,21.48,224.56
691,21,0,30,138.93,19.25,20.4,222.37
692,21,0,30,137.14,19.02,21.52,227.05
693,21,0,30,137.66,18.93,21.68,225.06
694,21,0,30,137.39,18.99,21.53,228.7
695,21,0,30,138.22,19.28,21.53,222.99
696,21,0,30,137.58,18.53,19.28,225.51
697,21,0,30,139.13,18.57,20.17,229.53
698,21,0,30,137.63,16.75,20.35,225.66
699,21,0,30,137.3,19.32,21.41,224.87
700,22,5,30,136.41,19.09,21.49,227.28
701,22,3,30,135.56,18.98,21.75,226.53
702,22,2,30,136.93,19.27,21.39,226.92
703,22,2,30,136.31,19.17,21.95,225.58
704,22,2,30,137.68,19.12,21.48,224.28
705,22,2,30,137.33,19.23,21.4,226.33
706,22,2,30,137.21,19.14,21.36,228.57
707,22,2,30,135.72,19.25,21.85,226.23
708,22,2,30,136.28,19.02,21.73,223.53
709,22,1,30,135.23,19.24,21.7,204.56
710,22,1,30,134.57,19.08,22.1,224.31
711,22,1,30,137.29,19.38,21.62,226.47
712,22,1,30,136.85,19.31,21.5,227.0
713,22,1,30,136.73,18.83,21.48,229.78
714,22,1,30,136.09,18.88,21.31,226.56
715,22,1,30,135.23,21.16,21.7,227.29
716,22,1,30,137.08,19.35,21.35,225.91
717,22,0,30,136.63,19.34,23.59,228.04
718,22,0,30,123.62,19.22,21.32,227.56
719,22,0,30,137.36,19.22,21.32,227.56
720,22,0,30,136.86,18.99,21.48,228.34
721,22,0,30,136.27,18.93,21.49,228.73
722,22,0,30,135.63,19.26,21.66,225.11
723,22,0,30,136.79,19.1,21.39,228.36
724,22,0,30,136.23,19.11,21.63,227.56
725,22,0,30,137.35,19.19,21.5,224.67
726,22,0,30,137.44,19.23,19.44,226.36
727,22,0,30,137.07,18.97,21.36,230.02
728,22,0,30,136.71,19.3,21.34,227.96
729,22,0,30,135.28,20.93,21.84,226.51
730,23,3,30,136.34,17.15,21.61,225.41
731,23,3,30,135.94,19.07,21.85,226.06
732,23,3,30,135.99,19.04,21.62,226.91
733,23,2,30,123.3,19.15,21.71,224.93
734,23,2,30,136.81,19.13,21.56,224.93
735,23,2,30,135.64,19.11,21.8,226.38
736,23,2,30,136.69,19.13,21.47,226.52
737,23,2,30,122.71,19.06,21.61,225.41
738,23,2,30,136.98,19.07,21.6,223.9
739,23,2,30,137.51,21.1,21.44,225.31
740,23,1,30,136.85,19.24,21.56,226.88
741,23,1,30,136.74,19.08,21.54,226.05
742,23,1,30,136.81,19.13,21.56,224.93
743,23,1,30,149.87,19.12,21.57,226.72
744,23,1,30,136.36,19.13,21.72,226.43
745,23,1,30,136.28,19.28,21.67,226.61
746,23,1,30,136.62,19.05,21.61,225.4
747,23,0,30,136.25,18.99,21.4,226.92
748,23,0,30,137.45,19.13,21.42,226.42
749,23,0,30,136.51,19.07,21.35,226.74
750,23,0,30,123.14,19.2,21.68,225.96
751,23,0,30,136.04,20.24,21.6,227.15
752,23,0,30,135.23,21.16,21.7,227.29
753,23,0,30,136.25,18.99,21.4,226.92
754,23,0,30,136.63,19.2,21.49,227.14
755,23,0,30,136.22,20.15,21.53,205.14
756,23,0,30,135.56,17.08,19.58,226.53
757,23,0,30,136.06,19.17,21.67,226.76
758,23,0,30,122.91,18.96,21.49,228.53
759,23,0,30,136.89,19.29,23.59,249.66
760,24,4,30,136.6,18.19,21.58,226.14
761,24,3,30,136.68,19.07,21.58,225.73
762,24,3,30,136.58,19.13,21.64,225.68
763,24,3,30,136.93,19.12,21.52,225.36
764,24,2,30,136.75,20.07,21.53,226.11
765,24,2,30,136.58,18.14,21.58,225.17
766,24,2,30,136.34,19.08,21.54,226.71
767,24,2,30,135.94,19.07,21.85,226.06
768,24,2,30,130.05,19.14,21.64,224.93
769,24,2,30,129.82,18.15,21.66,225.17
770,24,1,30,136.34,17.15,21.61,225.41
771,24,1,30,130.07,19.19,21.63,225.9
772,24,1,30,136.93,19.12,21.52,225.36
773,24,1,30,136.34,19.08,21.54,226.71
774,24,1,30,129.64,19.09,21.67,225.92
775,24,0,30,122.76,19.08,21.59,225.92
776,24,0,30,136.78,19.1,21.55,248.04
777,24,0,30,136.37,19.1,21.71,225.49
778,24,0,30,136.14,18.11,21.73,225.73
779,24,0,30,136.8,19.06,21.61,224.65
780,24,0,30,129.85,19.06,21.6,224.65
781,24,0,30,136.85,19.24,21.56,226.88
782,24,0,30,135.99,19.04,21.62,226.91
783,24,0,30,117.1,20.08,21.52,225.36
784,24,0,30,129.85,19.06,21.6,224.65
785,24,0,30,129.82,18.15,21.66,225.17
786,24,0,30,129.5,19.17,21.64,226.01
787,24,0,30,136.98,19.07,21.6,223.9
788,24,0,30,136.31,18.21,21.64,226.01
789,24,0,30,136.17,18.09,21.61,226.16
790,25,5,30,136.27,18.63,21.72,226.1
791,25,3,30,136.72,19.57,21.55,225.92
792,25,2,30,133.28,19.11,21.59,225.64
793,25,2,30,136.63,19.1,21.53,226.03
794,25,2,30,136.72,19.57,21.55,248.51
795,25,2,30,136.46,16.33,21.62,225.54
796,25,2,30,136.59,18.17,21.58,225.65
797,25,2,30,136.27,18.63,21.72,226.1
798,25,2,30,136.26,19.1,21.75,225.87
799,25,1,30,129.95,18.67,21.65,225.54
800,25,1,30,136.31,19.07,21.72,225.89
801,25,1,30,136.6,18.19,21.58,226.14
802,25,1,30,136.34,19.57,21.69,226.08
803,25,1,30,136.34,18.12,21.58,226.06
804,25,1,30,133.5,19.16,21.58,225.63
805,25,1,30,136.26,18.61,21.72,225.61
806,25,1,30,133.5,19.16,21.58,225.63
807,25,0,30,136.63,16.74,21.58,225.45
808,25,0,30,136.59,18.66,21.61,225.91
809,25,0,30,136.8,21.0,21.55,225.54
810,25,0,30,132.88,18.61,21.76,225.61
811,25,0,30,132.99,19.1,21.75,225.49
812,25,0,30,136.76,18.66,21.55,225.75
813,25,0,30,133.31,18.64,21.61,202.54
814,25,0,30,133.21,18.17,21.62,225.66
815,25,0,30,136.64,18.63,19.42,225.93
816,25,0,30,136.59,18.66,21.61,225.91
817,25,0,30,133.2,18.64,21.65,225.43
818,25,0,30,136.6,18.19,21.58,226.14
819,25,0,30,136.46,19.11,21.59,226.2
820,26,4,30,133.11,18.65,21.68,225.82
821,26,3,30,136.49,19.1,21.64,226.01
822,26,3,30,133.11,18.65,21.68,225.82
823,26,3,30,136.67,19.33,21.54,237.27
824,26,2,30,121.5,19.34,21.57,225.78
825,26,2,30,136.36,17.71,21.69,225.71
826,26,2,30,134.94,18.64,21.59,225.65
827,26,2,30,136.3,19.1,21.7,226.09
828,26,2,30,136.66,18.88,21.57,226.03
829,26,1,30,136.37,17.48,21.67,225.82
830,26,1,30,133.5,19.16,21.58,225.63
831,26,1,30,135.07,19.13,21.56,225.83
832,26,1,30,133.11,18.65,19.51,225.82
833,26,1,30,136.27,18.63,21.72,226.1
834,26,1,30,136.27,18.63,21.72,226.1
835,26,1,30,136.59,17.95,21.59,225.73
836,26,0,30,136.46,16.33,21.62,225.54
837,26,0,30,134.78,18.87,21.66,225.87
838,26,0,30,136.27,18.63,21.72,226.1
839,26,0,30,136.45,18.87,21.63,203.46
840,26,0,30,136.37,17.48,19.5,225.82
841,26,0,30,136.45,18.62,21.65,225.77
842,26,0,30,134.94,18.64,21.59,225.65
843,26,0,30,136.27,18.63,21.72,226.1
844,26,0,30,136.49,19.09,21.64,237.06
845,26,0,30,136.36,17.71,21.69,225.71
846,26,0,30,136.3,18.61,21.66,225.96
847,26,0,30,134.98,17.74,21.6,225.59
848,26,0,30,136.44,18.85,21.63,225.82
849,26,0,30,136.43,18.4,21.65,225.88
850,27,4,30,134.8,18.88,21.66,248.5
851,27,3,30,134.73,18.18,23.85,225.76
852,27,3,30,136.58,19.22,21.59,231.64
853,27,3,30,127.3,18.99,21.63,225.8
854,27,2,30,136.57,18.99,21.6,226.02
855,27,2,30,136.38,18.87,21.68,226.05
856,27,2,30,133.11,18.65,21.68,225.82
857,27,2,30,127.3,18.99,21.63,225.8
858,27,1,30,127.3,18.99,21.63,225.8
859,27,1,30,136.62,18.41,21.58,225.88
860,27,1,30,136.4,19.1,21.67,226.05
861,27,1,30,136.33,18.29,21.69,225.96
862,27,1,30,134.8,18.88,21.66,225.91
863,27,1,30,134.22,18.9,21.58,225.64
864,27,1,30,133.3,18.9,21.63,248.3
865,27,1,30,134.9,19.13,21.64,225.86
866,27,1,30,134.88,18.77,21.62,225.92
867,27,0,30,135.09,21.17,21.56,231.45
868,27,0,30,136.67,19.11,21.56,231.65
869,27,0,30,127.3,18.99,21.63,225.8
870,27,0,30,134.8,18.88,21.66,225.91
871,27,0,30,133.11,18.65,21.68,225.82
872,27,0,30,134.71,18.88,21.69,225.95
873,27,0,30,135.71,18.87,21.61,225.83
874,27,0,30,133.3,18.9,21.63,225.72
875,27,0,30,136.57,18.99,21.6,226.02
876,27,0,30,135.09,19.25,21.56,231.45
877,27,0,30,135.87,19.23,21.55,208.4
878,27,0,30,134.22,18.9,23.74,225.64
879,27,0,30,127.3,18.99,21.63,225.8
880,28,3,30,130.76,18.95,21.61,225.72
881,28,3,30,134.85,20.9,21.65,237.18
882,28,2,30,131.82,18.64,21.66,225.88
883,28,2,30,134.77,18.53,22.76,225.84
884,28,2,30,135.59,18.87,21.67,225.98
885,28,2,30,136.45,18.64,21.64,225.99
886,28,2,30,133.95,18.76,21.67,237.16
887,28,2,30,135.69,18.93,21.63,225.97
888,28,2,30,136.58,19.1,21.6,228.83
889,28,1,30,127.3,18.99,23.79,225.8
890,28,1,30,131.05,18.93,21.64,225.86
891,28,1,30,136.37,18.7,21.68,203.4
892,28,1,30,134.8,18.88,21.66,237.21
893,28,1,30,131.05,18.93,21.64,237.15
894,28,1,30,133.95,18.76,21.67,237.16
895,28,1,30,134.8,18.88,21.66,237.21
896,28,1,30,131.05,18.93,21.64,225.86
897,28,1,30,131.05,18.93,21.64,237.15
898,28,1,30,136.39,18.98,21.67,226.05
899,28,0,30,135.73,18.88,19.45,225.97
900,28,0,30,136.48,18.93,19.47,226.04
901,28,0,30,135.61,18.53,21.66,225.94
902,28,0,30,131.09,18.88,21.63,225.86
903,28,0,30,135.69,19.05,21.62,228.78
904,28,0,30,135.4,17.15,21.59,228.64
905,28,0,30,122.83,18.93,21.64,226.04
906,28,0,30,134.48,18.54,22.72,248.27
907,28,0,30,134.02,18.54,22.74,237.03
908,28,0,30,131.05,18.93,21.64,225.86
909,28,0,30,135.69,19.05,21.62,264.08
910,29,4,30,149.58,18.78,21.67,214.69
911,29,3,30,136.08,18.99,21.63,227.41
912,29,3,30,130.76,18.95,21.61,203.15
913,29,2,30,136.07,18.79,23.8,225.98
914,29,2,30,135.71,20.0,21.62,233.01
915,29,2,30,135.58,18.79,21.67,220.31
916,29,2,30,135.65,19.77,21.65,231.58
917,29,1,30,135.59,18.93,21.67,231.63
918,29,1,30,130.63,18.88,22.73,231.48
919,29,1,30,127.3,18.99,23.79,225.8
920,29,1,30,132.95,17.93,21.65,237.17
921,29,1,30,135.17,18.87,21.67,254.77
922,29,1,30,133.81,19.02,21.62,227.34
923,29,1,30,134.4,19.83,21.66,237.17
924,29,1,30,134.82,19.89,21.65,237.2
925,29,1,30,135.17,18.87,21.67,231.61
926,29,1,30,132.95,19.92,21.65,237.17
927,29,1,30,135.27,19.92,21.64,231.57
928,29,1,30,132.91,16.86,19.98,225.85
929,29,0,30,136.48,19.04,21.63,227.44
930,29,0,30,133.71,18.82,21.66,220.28
931,29,0,30,131.82,18.64,21.66,225.88
932,29,0,30,148.3,18.85,21.65,231.56
933,29,0,30,133.17,18.91,21.64,225.85
934,29,0,30,132.95,19.92,21.65,231.52
935,29,0,30,132.76,18.74,22.18,225.78
936,29,0,30,131.44,18.79,21.65,225.87
937,29,0,30,120.96,19.83,21.66,237.17
938,29,0,30,133.72,18.96,21.66,231.6
939,29,0,30,134.2,18.87,21.63,227.35
940,30,3,30,135.45,19.44,23.81,232.3
941,30,3,30,142.83,18.89,21.65,198.94
942,30,2,30,135.83,18.79,22.73,223.14
943,30,2,30,134.33,19.96,21.63,235.09
944,30,2,30,135.83,18.89,21.65,223.86
945,30,2,30,142.58,18.86,21.67,223.16
946,30,2,30,135.63,18.93,21.65,241.09
947,30,2,30,132.22,18.95,22.18,229.41
948,30,2,30,132.97,18.91,21.64,228.96
949,30,2,30,133.21,19.36,21.63,217.37
950,30,1,30,135.05,19.9,21.65,234.38
951,30,1,30,142.2,19.34,21.66,225.94
952,30,1,30,127.3,18.99,23.79,225.8
953,30,1,30,142.37,18.83,21.67,234.73
954,30,1,30,136.08,18.99,21.63,227.41
955,30,1,30,135.68,19.45,21.64,229.49
956,30,1,30,135.24,19.41,21.65,232.29
957,30,1,30,134.04,17.87,20.83,240.31
958,30,0,30,141.99,19.31,21.67,225.93
959,30,0,30,134.3,19.85,21.65,234.38
960,30,0,30,135.24,17.47,21.65,232.29
961,30,0,30,140.17,18.86,21.64,208.92
962,30,0,30,135.83,18.79,22.73,223.14
963,30,0,30,134.25,17.82,20.82,223.08
964,30,0,30,131.79,18.4,22.19,234.32
965,30,0,30,133.17,18.87,21.64,211.73
966,30,0,30,141.24,17.82,20.83,220.27
967,30,0,30,140.17,18.86,21.64,208.92
968,30,0,30,133.21,19.36,21.63,195.63
969,30,0,30,135.68,19.89,21.63,232.3
970,31,4,30,139.14,19.16,22.73,215.62
971,31,3,30,135.07,18.94,22.72,212.37
972,31,2,30,139.1,18.81,22.2,228.94
973,31,2,30,135.83,18.79,22.73,223.14
974,31,2,30,131.56,18.89,23.26,224.47
975,31,2,30,134.75,18.65,22.32,236.3
976,31,2,30,134.33,19.96,21.63,235.09
977,31,2,30,134.21,19.17,25.0,230.63
978,31,2,30,122.09,19.19,21.64,235.29
979,31,1,30,139.21,18.87,21.66,223.51
980,31,1,30,135.08,19.42,21.64,229.47
981,31,1,30,142.71,18.87,21.66,211.05
982,31,1,30,134.32,19.18,21.64,229.22
983,31,1,30,134.65,19.17,21.63,222.39
984,31,1,30,135.44,19.4,21.65,229.12
985,31,1,30,135.34,19.42,21.65,237.74
986,31,1,30,139.1,18.86,21.66,229.29
987,31,1,30,138.94,19.39,21.65,216.66
988,31,0,30,134.69,19.93,21.64,234.74
989,31,0,30,133.92,18.94,21.91,235.25
990,31,0,30,135.36,19.68,21.64,231.94
991,31,0,30,138.58,19.42,21.64,217.02
992,31,0,30,139.14,19.16,22.73,215.62
993,31,0,30,134.03,18.92,21.91,226.63
994,31,0,30,133.77,19.66,21.63,226.23
995,31,0,30,132.71,19.15,21.9,223.39
996,31,0,30,134.75,18.65,22.32,236.3
997,31,0,30,134.33,19.4,22.72,224.83
998,31,0,30,134.89,19.7,22.72,233.69
999,31,0,30,133.5,18.39,21.23,234.63
1000,32,3,30,134.91,16.92,22.52,224.34
1001,32,3,30,135.45,18.86,22.73,239.53
1002,32,2,30,134.75,18.65,20.08,236.3
1003,32,2,30,130.65,19.03,21.65,229.4
1004,32,2,30,137.08,18.87,22.46,220.65
1005,32,2,30,135.35,19.03,23.0,220.05
1006,32,2,30,135.02,18.98,23.86,226.88
1007,32,2,30,135.33,18.85,22.73,226.7
1008,32,2,30,137.08,18.87,22.46,220.65
1009,32,2,30,132.89,19.03,24.13,227.55
1010,32,1,30,133.32,18.91,22.99,218.42
1011,32,1,30,135.33,18.85,22.73,226.7
1012,32,1,30,137.46,18.8,20.22,248.64
1013,32,1,30,135.21,19.42,21.65,233.6
1014,32,1,30,135.08,19.42,21.64,229.47
1015,32,1,30,136.89,19.17,22.18,219.0
1016,32,1,30,136.68,19.17,23.86,223.13
1017,32,1,30,130.61,19.18,22.19,225.46
1018,32,0,30,134.86,19.3,21.64,225.93
1019,32,0,30,135.07,18.98,22.19,226.18
1020,32,0,30,134.82,19.28,23.32,229.87
1021,32,0,30,128.2,19.19,21.64,232.26
1022,32,0,30,134.33,19.96,21.63,235.09
1023,32,0,30,137.08,18.87,22.46,220.65
1024,32,0,30,135.02,18.98,23.86,226.88
1025,32,0,30,134.71,19.69,21.64,232.28
1026,32,0,30,128.76,19.29,21.65,232.2
1027,32,0,30,135.39,19.41,21.65,233.43
1028,32,0,30,132.89,19.03,24.13,227.55
1029,32,0,30,130.51,19.29,21.65,225.98
1030,33,4,30,134.11,18.94,23.43,249.84
1031,33,3,30,136.05,18.93,23.16,223.77
1032,33,2,30,135.35,19.03,23.0,220.05
1033,33,2,30,133.75,19.17,22.18,222.23
1034,33,2,30,132.91,19.3,21.92,229.53
1035,33,2,30,136.05,18.93,23.16,223.77
1036,33,2,30,136.01,19.1,23.43,221.59
1037,33,2,30,132.7,18.84,20.87,232.85
1038,33,2,30,135.35,19.03,23.0,220.05
1039,33,1,30,135.18,17.89,22.62,231.93
1040,33,1,30,132.97,19.01,22.46,226.08
1041,33,1,30,133.05,18.95,22.19,234.46
1042,33,1,30,135.79,18.04,23.19,223.73
1043,33,1,30,133.0,19.03,22.32,224.72
1044,33,1,30,135.39,18.86,22.73,233.12
1045,33,1,30,134.11,18.94,23.43,227.13
1046,33,1,30,132.7,18.84,20.87,232.85
1047,33,1,30,148.73,19.14,22.19,228.09
1048,33,0,30,135.2,18.89,22.73,219.54
1049,33,0,30,135.26,19.14,22.19,234.5
1050,33,0,30,149.49,18.04,22.35,221.67
1051,33,0,30,136.12,19.1,22.59,219.52
1052,33,0,30,136.22,18.95,22.73,220.35
1053,33,0,30,136.21,16.98,22.6,223.68
1054,33,0,30,135.45,18.86,20.46,239.53
1055,33,0,30,132.82,19.08,23.03,226.17
1056,33,0,30,136.26,18.87,22.6,230.09
1057,33,0,30,135.28,19.22,22.32,226.82
1058,33,0,30,130.63,19.1,21.92,227.43
1059,33,0,30,135.99,17.89,22.49,222.5
1060,34,4,30,135.06,19.02,23.43,224.36
1061,34,4,30,135.35,19.03,23.0,220.05
1062,34,3,30,134.13,19.16,22.46,224.79
1063,34,3,30,134.03,18.93,21.93,226.45
1064,34,3,30,141.24,19.15,22.19,225.16
1065,34,2,30,132.87,18.89,21.53,233.66
1066,34,2,30,134.55,18.94,22.68,229.12
1067,34,2,30,136.03,19.01,23.3,222.68
1068,34,2,30,134.11,18.94,23.43,227.13
1069,34,1,30,134.04,18.59,22.27,207.66
1070,34,1,30,147.62,18.99,22.59,249.98
1071,34,1,30,134.36,18.97,22.15,227.22
1072,34,1,30,134.04,18.85,21.8,232.98
1073,34,1,30,134.03,18.93,21.93,226.45
1074,34,0,30,133.4,18.89,22.15,252.99
1075,34,0,30,134.48,19.11,24.79,226.65
1076,34,0,30,133.33,19.24,22.05,225.88
1077,34,0,30,134.03,18.93,21.93,226.45
1078,34,0,30,134.18,19.03,22.66,222.38
1079,34,0,30,134.9,19.05,22.67,223.0
1080,34,0,30,135.68,19.06,23.21,220.82
1081,34,0,30,134.04,18.85,21.8,232.98
1082,34,0,30,142.04,19.08,22.59,224.07
1083,34,0,30,135.08,18.93,23.3,236.8
1084,34,0,30,132.85,18.94,21.6,228.79
1085,34,0,30,134.64,18.42,23.03,240.89
1086,34,0,30,135.7,17.08,23.08,221.91
1087,34,0,30,132.96,19.16,22.12,227.13
1088,34,0,30,135.72,20.78,22.95,228.44
1089,34,0,30,133.33,19.24,22.05,225.88
1090,35,4,30,138.15,19.09,22.81,224.76
1091,35,3,30,135.21,19.02,23.21,222.2
1092,35,3,30,135.35,19.03,23.0,220.05
1093,35,2,30,135.04,18.8,22.78,215.17
1094,35,2,30,137.89,19.05,22.43,227.14
1095,35,2,30,134.81,18.98,23.05,226.74
1096,35,2,30,134.04,16.96,21.8,232.98
1097,35,1,30,134.11,18.94,23.43,227.13
1098,35,1,30,134.08,18.89,22.62,230.05
1099,35,1,30,134.11,18.96,20.04,226.85
1100,35,1,30,135.35,19.03,23.0,220.05
1101,35,1,30,138.15,19.09,22.81,224.76
1102,35,1,30,121.57,19.09,22.88,223.73
1103,35,1,30,137.63,19.04,22.06,203.22
1104,35,1,30,134.95,18.98,22.84,224.58
1105,35,1,30,134.24,19.07,22.3,226.0
1106,35,1,30,134.24,19.07,22.3,226.0
1107,35,1,30,134.6,19.09,22.94,224.57
1108,35,1,30,134.19,18.95,22.04,226.83
1109,35,0,30,135.21,19.02,23.21,222.2
1110,35,0,30,134.03,18.76,22.1,217.05
1111,35,0,30,134.03,18.93,21.93,226.45
1112,35,0,30,134.13,19.16,22.46,224.79
1113,35,0,30,137.63,19.04,22.06,225.8
1114,35,0,30,135.29,18.97,22.99,248.49
1115,35,0,30,134.81,18.98,23.05,249.41
1116,35,0,30,124.47,19.09,22.59,222.6
1117,35,0,30,134.03,18.93,21.93,226.45
1118,35,0,30,133.45,18.91,21.73,230.05
1119,35,0,30,137.68,19.05,22.81,226.14
1120,36,3,30,134.57,18.87,23.11,221.15
1121,36,3,30,135.2,18.91,22.89,217.61
1122,36,3,30,134.19,18.95,22.04,226.83
1123,36,3,30,129.86,19.09,22.84,224.24
1124,36,2,30,136.75,19.06,22.9,222.4
1125,36,2,30,136.48,19.03,22.93,225.75
1126,36,2,30,136.04,19.0,22.24,226.99
1127,36,1,30,134.73,19.04,22.76,224.1
1128,36,1,30,134.73,18.98,23.21,223.59
1129,36,1,30,135.01,19.0,23.13,224.47
1130,36,1,30,134.64,18.93,22.54,220.59
1131,36,1,30,136.1,18.03,22.3,228.87
1132,36,1,30,134.7,17.99,22.4,226.51
1133,36,1,30,134.92,18.89,22.92,220.95
1134,36,1,30,134.82,18.95,22.86,219.87
1135,36,1,30,136.75,19.06,22.9,222.4
1136,36,1,30,136.68,19.05,23.01,223.48
1137,36,1,30,136.11,18.99,22.71,227.41
1138,36,1,30,115.03,18.03,22.34,228.36
1139,36,0,30,136.48,20.94,20.64,225.75
1140,36,0,30,129.6,19.07,22.47,213.48
1141,36,0,30,134.82,18.95,22.86,219.87
1142,36,0,30,129.86,19.09,22.84,224.24
1143,36,0,30,134.56,18.85,22.7,222.61
1144,36,0,30,134.52,19.02,22.68,226.37
1145,36,0,30,134.64,18.93,22.54,220.59
1146,36,0,30,135.91,19.0,22.05,215.03
1147,36,0,30,136.35,19.01,22.74,226.94
1148,36,0,30,135.28,19.02,23.1,221.12
1149,36,0,30,121.41,19.06,23.08,223.39
1150,37,4,30,134.44,18.47,24.44,226.67
1151,37,3,30,129.86,19.09,22.84,224.24
1152,37,3,30,132.03,19.02,22.44,225.54
1153,37,3,30,135.31,18.94,22.67,224.07
1154,37,2,30,135.66,18.96,23.0,221.77
1155,37,2,30,135.66,18.96,23.0,221.77
1156,37,1,30,135.44,19.0,22.53,225.16
1157,37,1,30,133.17,19.06,22.89,247.5
1158,37,1,30,125.89,18.54,22.62,225.38
1159,37,1,30,135.6,19.04,22.84,224.92
1160,37,1,30,135.15,18.97,22.38,227.12
1161,37,1,30,135.47,19.0,22.47,224.62
1162,37,1,30,125.54,18.51,22.29,227.67
1163,37,1,30,133.27,19.07,22.93,223.86
1164,37,1,30,135.15,18.97,22.38,227.12
1165,37,1,30,132.53,19.0,22.87,220.93
1166,37,1,30,135.4,18.01,22.35,227.69
1167,37,1,30,134.7,17.99,22.4,226.51
1168,37,1,30,129.86,19.09,22.84,224.24
1169,37,0,30,124.8,18.45,22.72,224.75
1170,37,0,30,135.97,18.99,22.9,220.0
1171,37,0,30,132.25,19.01,22.69,222.42
1172,37,0,30,135.66,18.96,23.0,221.77
1173,37,0,30,132.25,19.01,22.69,222.42
1174,37,0,30,135.66,18.96,23.0,221.77
1175,37,0,30,132.28,18.54,22.62,225.38
1176,37,0,30,132.39,18.99,22.88,222.6
1177,37,0,30,132.29,19.07,22.8,224.17
1178,37,0,30,135.66,18.96,23.0,221.77
1179,37,0,30,135.48,18.94,22.58,223.97
1180,38,4,30,130.68,18.77,22.55,225.0
1181,38,3,30,133.81,19.03,22.64,225.23
1182,38,3,30,134.28,18.53,22.62,261.35
1183,38,3,30,133.24,18.75,23.44,226.11
1184,38,3,30,134.88,18.7,23.56,225.37
1185,38,3,30,132.51,19.03,22.61,225.68
1186,38,2,30,135.0,18.47,22.53,225.29
1187,38,2,30,134.44,18.47,24.44,226.67
1188,38,2,30,132.51,19.03,22.61,225.68
1189,38,1,30,133.85,20.89,22.72,223.66
1190,38,1,30,132.6,19.04,24.93,236.52
1191,38,1,30,135.49,18.95,22.84,222.92
1192,38,1,30,130.34,18.74,22.33,227.4
1193,38,1,30,132.63,18.55,22.6,225.97
1194,38,0,30,132.28,19.01,22.65,223.23
1195,38,0,30,121.0,18.47,24.44,226.67
1196,38,0,30,133.85,18.99,22.72,223.66
1197,38,0,30,135.29,18.99,22.45,226.14
1198,38,0,30,135.02,18.76,23.64,225.8
1199,38,0,30,131.57,19.08,22.88,224.05
1200,38,0,30,135.57,18.98,22.74,223.2
1201,38,0,30,134.29,19.0,22.8,223.96
1202,38,0,30,132.15,18.78,23.64,225.46
1203,38,0,30,133.81,18.77,23.66,237.08
1204,38,0,30,133.27,19.07,22.93,223.86
1205,38,0,30,132.15,18.78,23.64,225.46
1206,38,0,30,135.02,16.88,23.64,203.22
1207,38,0,30,135.31,18.94,22.67,224.07
1208,38,0,30,133.24,18.75,23.44,226.11
1209,38,0,30,135.63,19.0,22.92,223.35
1210,39,5,30,131.66,18.66,22.57,225.48
1211,39,3,30,134.97,18.71,23.64,224.8
1212,39,3,30,131.59,18.9,22.58,225.34
1213,39,3,30,133.22,19.97,23.83,230.09
1214,39,2,30,133.48,18.75,23.53,248.8
1215,39,2,30,132.84,18.62,22.54,247.66
1216,39,2,30,134.13,18.75,23.54,225.95
1217,39,2,30,120.36,18.87,24.24,230.94
1218,39,1,30,134.58,18.62,23.09,243.36
1219,39,1,30,121.18,18.5,22.58,243.32
1220,39,1,30,133.24,18.75,23.44,226.11
1221,39,1,30,134.06,19.71,22.67,242.5
1222,39,1,30,133.16,19.03,22.63,225.46
1223,39,1,30,130.51,18.76,22.44,226.2
1224,39,1,30,134.35,18.87,23.1,225.3
1225,39,1,30,132.55,19.03,23.77,231.1
1226,39,0,30,134.35,18.87,23.1,225.3
1227,39,0,30,133.53,18.89,23.04,225.67
1228,39,0,30,134.58,18.62,23.09,243.36
1229,39,0,30,131.43,18.89,22.47,226.54
1230,39,0,30,133.76,18.75,22.57,225.49
1231,39,0,30,132.56,18.62,23.49,225.84
1232,39,0,30,118.76,18.76,22.99,225.55
1233,39,0,30,133.46,18.54,22.61,243.66
1234,39,0,30,135.24,18.71,22.69,224.11
1235,39,0,30,133.76,18.64,23.03,243.73
1236,39,0,30,131.96,18.76,22.99,225.55
1237,39,0,30,132.26,21.81,22.63,224.33
1238,39,0,30,133.69,20.75,20.77,225.53
1239,39,0,30,132.56,18.62,23.49,225.84
1240,40,5,30,128.07,18.61,23.11,234.06
1241,40,3,30,131.66,18.66,22.57,225.48
1242,40,2,30,134.1,19.23,23.11,234.23
1243,40,2,30,134.32,19.17,22.88,242.93
1244,40,2,30,119.19,19.31,23.2,227.79
1245,40,2,30,119.19,19.31,23.2,227.79
1246,40,2,30,127.66,18.79,23.94,227.87
1247,40,2,30,133.9,18.67,23.09,236.23
1248,40,1,30,132.44,19.31,23.2,227.79
1249,40,1,30,134.66,20.67,23.37,225.05
1250,40,1,30,134.1,18.73,23.54,225.45
1251,40,1,30,133.31,18.69,23.11,247.65
1252,40,1,30,132.22,18.76,22.56,236.5
1253,40,1,30,132.41,18.82,23.01,225.72
1254,40,1,30,134.09,19.34,23.73,227.44
1255,40,1,30,133.75,18.95,22.86,225.38
1256,40,1,30,134.1,19.23,23.11,234.23
1257,40,1,30,132.86,19.19,22.62,233.99
1258,40,0,30,125.98,18.89,23.41,228.14
1259,40,0,30,133.91,18.81,23.31,237.05
1260,40,0,30,133.59,18.74,22.82,236.48
1261,40,0,30,133.35,19.36,23.68,239.44
1262,40,0,30,132.83,19.31,22.62,233.92
1263,40,0,30,132.89,21.45,23.8,230.59
1264,40,0,30,132.55,19.03,23.77,231.1
1265,40,0,30,133.04,18.68,22.99,236.88
1266,40,0,30,131.59,18.9,22.58,225.34
1267,40,0,30,132.41,18.82,23.01,225.72
1268,40,0,30,133.8,18.75,23.53,237.37
1269,40,0,30,126.01,18.77,23.41,228.21
1270,41,4,30,133.93,19.09,22.98,229.8
1271,41,2,30,134.1,19.29,23.42,230.84
1272,41,2,30,112.88,18.99,22.88,226.63
1273,41,2,30,126.65,19.02,23.37,226.62
1274,41,2,30,131.94,18.71,22.56,230.99
1275,41,2,30,132.88,18.69,23.06,225.47
1276,41,2,30,130.24,18.71,23.06,229.89
1277,41,2,30,131.08,18.97,23.42,230.75
1278,41,2,30,133.38,18.93,22.86,235.11
1279,41,2,30,134.11,18.92,22.98,239.58
1280,41,1,30,131.08,18.92,20.8,234.14
1281,41,1,30,129.86,18.63,22.84,229.77
1282,41,1,30,145.13,18.71,22.56,230.99
1283,41,1,30,133.93,19.09,22.98,229.8
1284,41,1,30,126.93,19.99,23.28,226.42
1285,41,1,30,125.43,18.99,22.88,226.63
1286,41,1,30,131.08,18.92,23.11,234.14
1287,41,1,30,126.65,19.02,23.37,226.62
1288,41,0,30,130.99,18.64,23.1,235.14
1289,41,0,30,129.86,18.63,22.84,229.77
1290,41,0,30,130.88,19.01,23.52,231.05
1291,41,0,30,130.05,19.05,23.57,227.83
1292,41,0,30,126.76,19.24,23.04,235.36
1293,41,0,30,127.87,16.83,23.52,230.96
1294,41,0,30,132.78,18.66,22.83,253.94
1295,41,0,30,131.36,19.64,23.24,229.55
1296,41,0,30,128.07,18.61,23.11,234.06
1297,41,0,30,132.32,18.79,20.51,231.11
1298,41,0,30,133.17,18.99,23.14,232.01
1299,41,0,30,128.07,18.61,20.8,234.06
1300,42,4,30,130.29,19.06,23.18,228.21
1301,42,4,30,119.15,18.99,22.88,226.63
1302,42,3,30,123.5,18.95,22.93,233.11
1303,42,3,30,133.65,19.01,22.92,232.46
1304,42,2,30,123.49,19.14,23.15,251.61
1305,42,2,30,130.66,18.84,23.24,230.32
1306,42,2,30,132.41,18.7,22.81,228.23
1307,42,1,30,133.03,18.81,22.77,235.29
1308,42,1,30,134.11,18.92,22.98,239.58
1309,42,1,30,132.23,18.92,22.98,234.63
1310,42,1,30,131.56,18.7,23.06,227.68
1311,42,1,30,132.93,18.9,22.77,230.4
1312,42,1,30,129.0,19.48,23.35,228.58
1313,42,1,30,139.62,18.81,22.77,235.29
1314,42,1,30,131.81,18.82,22.96,232.5
1315,42,1,30,131.09,18.71,22.81,230.44
1316,42,1,30,134.1,19.1,23.2,235.21
1317,42,0,30,132.93,18.9,22.77,230.4
1318,42,0,30,123.5,18.95,22.93,233.11
1319,42,0,30,130.52,19.45,23.13,233.0
1320,42,0,30,128.45,18.87,23.21,228.26
1321,42,0,30,129.76,18.86,23.21,226.04
1322,42,0,30,133.49,18.99,23.24,228.15
1323,42,0,30,132.5,19.03,23.2,230.28
1324,42,0,30,134.11,18.92,22.98,239.58
1325,42,0,30,122.41,18.85,22.72,228.81
1326,42,0,30,133.93,19.09,22.98,229.8
1327,42,0,30,123.49,19.14,23.15,228.73
1328,42,0,30,133.65,19.01,22.92,232.46
1329,42,0,30,132.93,18.9,22.77,230.4
1330,43,3,30,123.49,19.14,23.15,251.61
1331,43,3,30,129.65,19.27,23.26,228.4
1332,43,2,30,126.4,19.0,22.9,229.55
1333,43,2,30,127.95,18.83,22.87,230.67
1334,43,2,30,128.8,19.12,23.18,243.41
1335,43,2,30,130.29,19.06,23.18,228.21
1336,43,2,30,133.03,18.86,22.87,230.34
1337,43,1,30,134.31,19.15,23.06,231.94
1338,43,1,30,132.01,18.81,22.79,207.38
1339,43,1,30,130.29,19.06,23.18,228.21
1340,43,1,30,126.4,19.0,22.9,229.55
1341,43,1,30,124.72,19.02,23.03,227.42
1342,43,1,30,125.69,18.95,22.93,230.63
1343,43,1,30,134.95,18.93,22.98,231.75
1344,43,1,30,128.81,18.93,22.96,236.34
1345,43,1,30,133.65,19.01,22.92,232.46
1346,43,1,30,132.58,18.91,22.88,232.51
1347,43,1,30,128.8,19.03,23.07,234.16
1348,43,1,30,131.24,18.83,23.1,231.41
1349,43,1,30,124.91,18.91,23.06,228.48
1350,43,1,30,133.03,18.86,22.87,230.34
1351,43,0,30,130.29,19.06,23.18,228.21
1352,43,0,30,133.03,18.86,22.87,230.34
1353,43,0,30,118.66,16.95,23.01,232.8
1354,43,0,30,133.03,18.86,22.87,207.31
1355,43,0,30,130.71,19.09,23.08,228.41
1356,43,0,30,132.2,18.99,20.77,233.9
1357,43,0,30,132.37,18.86,22.87,231.45
1358,43,0,30,127.66,18.89,22.95,232.8
1359,43,0,30,132.41,18.7,22.81,228.23
1360,44,3,30,129.54,19.09,23.18,212.23
1361,44,3,30,128.35,19.03,23.04,228.88
1362,44,3,30,131.34,19.06,23.06,229.37
1363,44,2,30,127.6,19.01,22.99,231.85
1364,44,2,30,123.49,19.14,23.15,251.61
1365,44,2,30,128.85,18.88,22.86,219.0
1366,44,1,30,129.49,18.95,22.89,231.03
1367,44,1,30,128.8,19.03,23.07,239.88
1368,44,1,30,127.18,19.14,23.15,227.91
1369,44,1,30,131.11,19.09,23.07,230.46
1370,44,1,30,128.82,18.91,23.0,230.48
1371,44,1,30,127.36,18.98,23.13,241.51
1372,44,1,30,126.14,19.13,23.16,247.51
1373,44,1,30,127.99,19.0,23.06,229.42
1374,44,1,30,130.91,18.99,23.02,236.88
1375,44,1,30,131.34,19.06,23.06,229.37
1376,44,1,30,129.54,19.04,23.12,231.18
1377,44,1,30,128.82,18.91,23.0,230.48
1378,44,1,30,130.68,18.97,22.94,230.65
1379,44,1,30,126.4,19.0,22.9,229.55
1380,44,1,30,127.75,18.97,22.97,229.49
1381,44,0,30,128.57,19.07,23.04,242.03
1382,44,0,30,132.81,18.88,22.87,231.43
1383,44,0,30,130.91,18.99,23.02,236.88
1384,44,0,30,125.69,18.95,22.93,230.63
1385,44,0,30,128.26,19.0,23.01,240.98
1386,44,0,30,129.72,18.93,22.88,229.94
1387,44,0,30,128.8,19.12,23.18,243.41
1388,44,0,30,127.95,18.83,22.87,230.67
1389,44,0,30,133.03,18.86,22.87,230.34
1390,45,3,30,127.6,19.01,22.99,231.85
1391,45,3,30,129.47,19.04,23.03,230.61
1392,45,3,30,126.52,19.11,23.16,231.92
1393,45,2,30,128.84,17.01,22.93,224.74
1394,45,2,30,129.74,19.0,23.0,235.26
1395,45,2,30,126.52,19.09,23.14,241.4
1396,45,2,30,128.74,18.98,22.97,230.23
1397,45,1,30,125.62,19.05,23.06,240.55
1398,45,1,30,128.23,17.05,22.92,225.43
1399,45,1,30,131.13,19.02,23.04,233.12
1400,45,1,30,126.87,19.07,23.08,239.68
1401,45,1,30,128.23,18.95,22.92,225.43
1402,45,1,30,129.86,19.01,23.04,238.38
1403,45,1,30,129.84,19.04,23.05,229.12
1404,45,1,30,144.47,19.06,23.06,229.37
1405,45,1,30,129.52,19.02,23.03,221.63
1406,45,1,30,129.2,18.96,22.99,225.09
1407,45,1,30,113.53,19.08,23.11,245.74
1408,45,1,30,130.23,19.04,23.1,224.55
1409,45,1,30,128.57,19.03,23.05,234.38
1410,45,0,30,128.34,19.05,23.02,229.47
1411,45,0,30,128.4,19.02,23.06,234.65
1412,45,0,30,125.92,19.08,23.1,216.22
1413,45,0,30,130.1,18.97,22.96,224.19
1414,45,0,30,127.39,19.08,23.07,229.88
1415,45,0,30,129.2,20.88,23.02,215.62
1416,45,0,30,128.4,19.02,23.06,234.65
1417,45,0,30,129.84,19.04,23.05,206.21
1418,45,0,30,128.65,20.93,23.07,220.86
1419,45,0,30,129.66,19.03,23.06,229.4
1420,46,3,30,120.02,19.1,23.14,238.83
1421,46,3,30,128.82,19.07,23.1,232.52
1422,46,3,30,126.69,19.09,23.12,235.8
1423,46,2,30,130.3,19.03,23.03,231.87
1424,46,2,30,128.97,18.97,22.98,227.66
1425,46,2,30,116.13,17.1,22.99,227.28
1426,46,2,30,129.24,18.99,22.99,232.74
1427,46,2,30,128.85,18.99,22.97,228.02
1428,46,2,30,136.04,19.04,23.03,230.61
1429,46,1,30,121.5,19.06,23.07,238.18
1430,46,1,30,127.63,19.05,23.07,231.07
1431,46,1,30,129.66,19.04,23.04,229.87
1432,46,1,30,128.17,19.0,22.98,231.04
1433,46,1,30,120.02,19.1,23.14,238.83
1434,46,1,30,129.15,18.02,22.98,227.68
1435,46,1,30,128.18,19.08,23.11,230.52
1436,46,1,30,128.7,18.02,22.99,229.56
1437,46,1,30,129.33,19.0,23.01,250.64
1438,46,0,30,127.99,19.07,23.09,231.26
1439,46,0,30,129.29,18.0,22.97,230.0
1440,46,0,30,126.52,19.09,23.14,241.4
1441,46,0,30,127.73,19.05,23.06,234.84
1442,46,0,30,127.99,19.06,23.08,236.0
1443,46,0,30,127.91,18.03,22.95,228.64
1444,46,0,30,129.66,19.02,23.03,234.49
1445,46,0,30,114.51,19.04,23.03,235.77
1446,46,0,30,129.24,18.99,22.99,232.74
1447,46,0,30,128.54,19.02,23.01,231.23
1448,46,0,30,128.19,19.05,23.09,239.89
1449,46,0,30,130.32,19.02,23.04,227.38
1450,47,4,30,128.17,18.53,23.03,230.32
1451,47,3,30,129.08,19.03,23.06,241.58
1452,47,2,30,129.11,18.98,22.99,230.2
1453,47,2,30,129.57,19.01,23.0,229.94
1454,47,2,30,123.36,19.09,23.13,237.31
1455,47,2,30,122.89,18.07,23.01,228.57
1456,47,2,30,128.43,19.02,23.03,231.91
1457,47,2,30,129.98,19.04,23.04,230.87
1458,47,2,30,122.73,18.05,23.0,238.96
1459,47,2,30,124.63,19.04,23.06,235.79
1460,47,1,30,128.03,19.07,23.08,234.72
1461,47,1,30,118.08,18.1,23.06,233.05
1462,47,1,30,122.48,18.08,23.05,229.9
1463,47,1,30,127.83,19.03,23.05,208.56
1464,47,1,30,132.43,19.05,23.06,231.57
1465,47,1,30,128.97,18.97,22.98,227.66
1466,47,1,30,128.78,18.5,22.98,228.79
1467,47,0,30,128.96,19.04,23.05,231.47
1468,47,0,30,141.64,18.54,23.05,231.04
1469,47,0,30,121.41,18.09,23.05,231.54
1470,47,0,30,122.49,18.04,22.98,227.65
1471,47,0,30,131.37,19.06,23.07,233.21
1472,47,0,30,124.56,19.05,23.07,234.62
1473,47,0,30,122.69,18.04,22.99,230.01
1474,47,0,30,128.83,19.03,23.04,230.27
1475,47,0,30,123.36,19.09,23.13,237.31
1476,47,0,30,141.87,20.87,22.98,227.66
1477,47,0,30,129.2,18.5,22.98,230.21
1478,47,0,30,128.51,18.99,22.98,229.53
1479,47,0,30,129.56,19.05,23.07,208.97
1480,48,3,30,128.23,19.04,23.05,233.31
1481,48,3,30,125.9,18.54,23.03,240.27
1482,48,3,30,125.45,18.29,23.01,234.64
1483,48,2,30,131.2,19.04,23.05,231.22
1484,48,2,30,112.9,18.29,23.01,211.17
1485,48,2,30,127.3,19.04,23.05,233.33
1486,48,2,30,123.68,18.54,23.03,237.37
1487,48,2,30,129.02,19.0,23.02,234.62
1488,48,2,30,125.75,18.28,22.99,233.87
1489,48,1,30,126.85,20.94,23.06,238.68
1490,48,1,30,129.34,18.99,22.99,230.07
1491,48,1,30,123.05,18.57,23.06,238.14
1492,48,1,30,123.13,18.58,23.07,232.94
1493,48,1,30,128.77,19.0,23.01,231.05
1494,48,1,30,126.47,19.05,23.07,233.63
1495,48,1,30,138.58,18.55,23.03,235.08
1496,48,1,30,125.53,18.3,23.02,229.44
1497,48,1,30,129.53,20.94,23.05,236.22
1498,48,0,30,128.0,18.78,23.04,219.44
1499,48,0,30,123.68,18.54,23.03,237.37
1500,48,0,30,128.45,19.03,23.05,225.07
1501,48,0,30,130.77,19.02,23.02,230.88
1502,48,0,30,130.3,18.79,23.05,230.94
1503,48,0,30,122.48,18.08,23.05,229.9
1504,48,0,30,129.53,19.03,23.05,236.22
1505,48,0,30,131.0,19.03,23.03,230.75
1506,48,0,30,128.17,18.53,23.03,230.32
1507,48,0,30,129.33,19.02,23.03,235.76
1508,48,0,30,129.11,18.98,22.99,230.2
1509,48,0,30,124.0,19.07,23.1,236.55
1510,49,3,30,126.51,18.77,23.01,233.72
1511,49,3,30,128.55,18.79,23.04,235.74
1512,49,2,30,124.57,18.42,23.02,236.0
1513,49,2,30,128.48,18.66,23.02,232.55
1514,49,2,30,114.6,18.77,23.02,235.66
1515,49,2,30,123.4,18.56,23.05,235.16
1516,49,2,30,127.55,18.64,22.99,231.97
1517,49,2,30,127.44,18.79,23.04,234.29
1518,49,2,30,128.16,19.02,23.03,210.58
1519,49,1,30,124.79,18.54,23.03,238.82
1520,49,1,30,125.72,18.42,23.02,234.86
1521,49,1,30,121.12,18.64,23.0,220.62
1522,49,1,30,128.33,18.67,23.03,232.93
1523,49,1,30,130.11,19.02,23.04,232.92
1524,49,1,30,121.12,18.64,23.0,220.62
1525,49,1,30,124.79,16.69,23.03,238.82
1526,49,1,30,133.8,18.78,23.03,234.85
1527,49,1,30,127.44,18.79,23.04,234.29
1528,49,1,30,128.04,19.02,23.03,232.19
1529,49,0,30,128.16,19.02,23.03,233.97
1530,49,0,30,119.18,18.29,23.01,222.9
1531,49,0,30,127.07,18.79,23.04,236.79
1532,49,0,30,127.39,18.64,23.01,234.25
1533,49,0,30,125.83,18.41,23.01,237.07
1534,49,0,30,126.38,18.66,23.03,233.98
1535,49,0,30,125.68,18.41,23.02,237.45
1536,49,0,30,118.02,18.43,23.04,222.06
1537,49,0,30,126.84,18.67,23.03,233.98
1538,49,0,30,126.84,18.67,23.03,233.98
1539,49,0,30,126.35,18.77,23.03,236.0
1540,50,3,30,126.63,18.53,23.01,233.41
1541,50,3,30,126.36,18.72,23.03,223.29
1542,50,3,30,126.48,18.78,23.03,224.7
1543,50,2,30,127.49,16.84,23.02,233.13
1544,50,2,30,128.01,18.65,23.01,232.26
1545,50,2,30,126.36,18.72,23.03,223.29
1546,50,2,30,128.0,18.79,23.04,211.52
1547,50,2,30,121.32,18.89,23.02,233.93
1548,50,1,30,137.78,18.48,23.03,236.84
1549,50,1,30,130.68,18.71,23.01,233.41
1550,50,1,30,107.73,18.66,23.02,237.24
1551,50,1,30,122.96,17.66,23.02,229.72
1552,50,1,30,128.05,18.71,23.02,233.86
1553,50,1,30,126.63,18.53,23.01,233.41
1554,50,1,30,119.58,18.59,23.02,235.83
1555,50,1,30,108.5,18.77,23.02,234.69
1556,50,1,30,126.58,18.61,23.03,234.58
1557,50,1,30,126.3,18.72,23.03,234.1
1558,50,1,30,125.42,18.68,23.05,234.73
1559,50,0,30,126.64,17.67,23.02,235.68
1560,50,0,30,124.96,18.67,23.03,257.88
1561,50,0,30,126.06,18.53,23.01,233.99
1562,50,0,30,126.45,18.54,23.03,234.47
1563,50,0,30,128.55,18.79,23.04,235.74
1564,50,0,30,126.48,17.85,23.03,224.7
1565,50,0,30,122.36,18.9,23.03,234.29
1566,50,0,30,142.27,18.91,23.04,234.33
1567,50,0,30,127.8,20.8,23.04,222.44
1568,50,0,30,124.72,18.65,23.02,226.77
1569,50,0,30,127.8,17.02,23.04,222.44
1570,51,4,30,126.47,18.62,23.02,233.76
1571,51,4,30,126.42,18.75,23.03,223.99
1572,51,2,30,127.32,20.45,23.01,232.84
1573,51,2,30,127.06,17.69,23.01,233.27
1574,51,2,30,123.9,18.84,23.03,229.31
1575,51,2,30,125.13,18.65,23.02,234.62
1576,51,2,30,123.98,18.71,23.02,233.67
1577,51,2,30,123.03,18.69,23.03,230.27
1578,51,2,30,128.05,18.71,23.02,233.86
1579,51,1,30,127.24,18.79,23.04,218.11
1580,51,1,30,129.34,18.68,23.01,232.83
1581,51,1,30,132.13,18.63,23.03,230.77
1582,51,1,30,128.01,18.72,23.02,221.89
1583,51,1,30,126.48,18.78,23.03,224.7
1584,51,1,30,126.56,18.65,23.02,229.06
1585,51,1,30,123.84,18.81,23.03,228.61
1586,51,1,30,117.05,18.69,23.03,230.27
1587,51,0,30,132.07,18.6,23.03,230.06
1588,51,0,30,126.63,18.53,23.01,233.41
1589,51,0,30,117.57,16.78,23.01,234.05
1590,51,0,30,127.21,18.72,23.02,228.57
1591,51,0,30,127.18,18.76,23.03,217.4
1592,51,0,30,128.58,16.87,23.02,229.05
1593,51,0,30,114.46,18.76,23.03,217.4
1594,51,0,30,117.43,18.74,23.02,228.99
1595,51,0,30,126.36,18.72,23.03,223.29
1596,51,0,30,127.24,16.91,23.04,218.11
1597,51,0,30,132.64,17.66,23.02,234.99
1598,51,0,30,117.61,19.52,23.02,235.19
1599,51,0,30,127.75,17.75,23.01,232.7
1600,52,4,30,124.75,18.65,23.02,232.01
1601,52,4,30,127.26,18.67,23.02,233.81
1602,52,3,30,125.8,18.64,23.02,234.19
1603,52,2,30,112.25,18.72,23.03,227.13
1604,52,2,30,125.95,18.78,23.03,225.6
1605,52,1,30,126.47,18.62,23.02,233.76
1606,52,1,30,126.85,18.7,23.03,225.93
1607,52,1,30,124.75,18.65,23.02,232.01
1608,52,1,30,125.16,18.79,23.03,226.65
1609,52,1,30,125.13,18.65,23.02,234.62
1610,52,1,30,123.47,18.76,23.03,229.79
1611,52,1,30,114.51,18.73,23.02,228.93
1612,52,1,30,130.09,18.67,23.02,232.31
1613,52,1,30,127.3,20.55,20.72,231.46
1614,52,1,30,125.48,18.26,23.02,231.29
1615,52,1,30,129.73,19.54,23.02,231.8
1616,52,1,30,123.94,20.65,23.02,231.49
1617,52,1,30,123.03,18.69,23.03,230.27
1618,52,1,30,123.47,18.76,23.03,229.79
1619,52,1,30,125.05,18.19,23.02,231.77
1620,52,0,30,125.2,18.73,23.02,228.83
1621,52,0,30,126.49,18.7,23.03,226.53
1622,52,0,30,125.8,18.64,23.02,210.77
1623,52,0,30,125.61,17.68,23.02,231.07
1624,52,0,30,122.06,18.19,23.02,231.77
1625,52,0,30,124.79,18.67,23.02,229.66
1626,52,0,30,125.18,18.73,23.02,231.53
1627,52,0,30,127.24,18.66,23.01,233.73
1628,52,0,30,125.8,18.64,23.02,234.19
1629,52,0,30,126.47,18.7,23.02,206.3
1630,53,3,30,124.75,20.52,23.02,232.01
1631,53,3,30,118.5,18.69,23.02,229.57
1632,53,3,30,125.09,18.42,23.02,233.2
1633,53,3,30,124.11,18.71,23.02,230.9
1634,53,2,30,125.88,18.71,23.02,229.89
1635,53,2,30,124.11,18.71,23.02,230.9
1636,53,2,30,125.6,19.66,23.02,232.65
1637,53,2,30,128.29,19.12,23.02,228.87
1638,53,2,30,127.57,18.43,23.02,255.25
1639,53,2,30,125.61,18.64,23.02,232.88
1640,53,1,30,124.04,20.28,23.02,231.02
1641,53,1,30,118.1,19.68,23.02,229.31
1642,53,1,30,124.96,18.72,23.03,229.33
1643,53,1,30,126.0,18.66,23.02,232.91
1644,53,1,30,125.15,18.72,23.02,230.64
1645,53,1,30,125.35,18.72,23.02,251.69
1646,53,0,30,125.48,18.71,23.02,230.42
1647,53,0,30,126.86,16.78,23.02,233.78
1648,53,0,30,126.01,18.75,23.03,226.29
1649,53,0,30,118.5,18.69,23.02,229.57
1650,53,0,30,112.88,18.41,23.02,232.98
1651,53,0,30,123.89,18.67,23.02,231.14
1652,53,0,30,125.64,18.45,23.02,232.74
1653,53,0,30,124.71,18.77,23.03,227.69
1654,53,0,30,125.8,18.64,23.02,234.19
1655,53,0,30,118.5,18.69,23.02,229.57
1656,53,0,30,126.47,18.62,23.02,233.76
1657,53,0,30,112.63,18.68,23.02,232.04
1658,53,0,30,124.75,18.65,23.02,232.01
1659,53,0,30,126.78,18.72,23.02,231.05
1660,54,4,30,125.94,18.68,23.02,231.4
1661,54,3,30,124.85,19.18,23.02,231.77
1662,54,3,30,126.46,18.57,23.02,253.47
1663,54,3,30,126.16,19.47,23.02,243.63
1664,54,2,30,123.04,18.56,23.02,242.41
1665,54,2,30,121.1,19.2,20.72,230.11
1666,54,2,30,124.92,19.47,23.02,232.6
1667,54,2,30,126.59,18.53,23.02,244.06
1668,54,2,30,127.15,18.89,23.02,230.89
1669,54,1,30,123.4,18.9,23.02,229.22
1670,54,1,30,121.63,19.6,23.02,230.79
1671,54,1,30,124.11,18.71,23.02,230.9
1672,54,1,30,124.6,18.56,23.02,232.05
1673,54,1,30,126.52,19.82,23.02,230.44
1674,54,1,30,125.02,18.57,23.02,231.26
1675,54,1,30,124.75,20.52,23.02,232.01
1676,54,0,30,112.14,18.56,23.02,232.05
1677,54,0,30,125.48,18.56,23.02,231.55
1678,54,0,30,125.12,18.57,23.02,231.92
1679,54,0,30,124.43,19.61,23.02,231.46
1680,54,0,30,124.43,19.61,23.02,231.46
1681,54,0,30,121.82,18.7,23.02,230.1
1682,54,0,30,125.17,20.09,23.02,232.33
1683,54,0,30,125.47,19.19,23.02,242.17
1684,54,0,30,125.88,18.71,20.72,229.89
1685,54,0,30,125.35,18.53,23.02,233.04
1686,54,0,30,125.28,19.19,23.02,230.99
1687,54,0,30,125.74,19.18,23.02,231.27
1688,54,0,30,126.46,18.57,23.02,253.47
1689,54,0,30,123.19,17.46,23.02,229.09
1690,55,3,30,125.54,19.47,23.02,238.12
1691,55,3,30,126.26,18.61,23.02,237.73
1692,55,3,30,125.27,18.62,23.02,231.72
1693,55,2,30,123.78,19.14,23.02,231.1
1694,55,2,30,123.75,18.81,23.02,230.06
1695,55,1,30,123.85,18.87,21.87,237.08
1696,55,1,30,123.52,18.94,21.87,230.75
1697,55,1,30,125.54,19.47,23.02,238.12
1698,55,1,30,126.23,19.25,23.02,230.92
1699,55,1,30,126.2,18.63,20.72,242.43
1700,55,1,30,126.37,19.0,23.02,243.85
1701,55,1,30,123.06,18.88,21.87,230.68
1702,55,1,30,125.51,19.33,23.02,237.7
1703,55,1,30,122.25,19.05,21.87,229.66
1704,55,1,30,123.27,19.54,23.02,231.7
1705,55,1,30,125.02,18.7,23.02,231.15
1706,55,1,30,126.54,18.79,23.02,208.03
1707,55,1,30,137.06,19.02,23.02,243.02
1708,55,1,30,122.98,19.19,21.87,230.94
1709,55,1,30,126.46,18.57,23.02,253.47
1710,55,1,30,124.75,18.57,23.02,247.94
1711,55,1,30,126.26,18.61,23.02,237.73
1712,55,0,30,125.94,18.68,23.02,231.4
1713,55,0,30,124.99,18.72,23.02,236.64
1714,55,0,30,125.02,18.7,23.02,231.15
1715,55,0,30,126.49,19.2,23.02,241.95
1716,55,0,30,126.2,16.77,23.02,242.43
1717,55,0,30,112.04,18.62,23.02,236.9
1718,55,0,30,126.0,19.04,23.02,231.33
1719,55,0,30,124.39,19.25,23.02,230.84
1720,56,3,30,125.88,19.36,23.02,234.52
1721,56,3,30,125.9,19.04,23.02,237.92
1722,56,3,30,124.51,18.71,23.02,230.89
1723,56,3,30,123.81,19.0,22.45,234.09
1724,56,2,30,125.82,18.81,23.02,237.79
1725,56,2,30,136.98,19.21,22.45,210.99
1726,56,2,30,125.54,19.47,23.02,261.93
1727,56,2,30,125.14,19.02,23.02,243.03
1728,56,1,30,123.88,19.19,22.45,233.68
1729,56,1,30,124.66,18.75,22.45,234.21
1730,56,1,30,124.89,18.63,23.02,239.54
1731,56,1,30,131.64,19.13,23.02,236.97
1732,56,1,30,126.36,18.59,23.02,245.6
1733,56,1,30,124.89,18.77,22.45,234.24
1734,56,1,30,130.29,18.98,22.45,236.89
1735,56,1,30,125.89,18.97,23.02,237.72
1736,56,1,30,124.53,19.21,22.45,234.43
1737,56,1,30,126.34,18.91,23.02,242.19
1738,56,0,30,130.06,18.95,22.45,236.85
1739,56,0,30,126.4,18.7,23.02,222.88
1740,56,0,30,124.99,18.89,21.87,236.76
1741,56,0,30,125.96,19.24,23.02,240.98
1742,56,0,30,125.78,18.74,23.02,219.59
1743,56,0,30,124.26,19.33,22.45,234.53
1744,56,0,30,125.74,18.63,23.02,242.31
1745,56,0,30,124.41,19.5,23.02,234.91
1746,56,0,30,123.52,18.94,21.87,230.75
1747,56,0,30,124.89,18.77,22.45,234.24
1748,56,0,30,123.77,18.98,23.02,230.58
1749,56,0,30,124.27,19.08,23.02,231.71
1750,57,5,30,131.43,19.28,22.73,222.75
1751,57,4,30,133.64,19.09,22.45,223.94
1752,57,3,30,125.86,18.93,23.02,237.85
1753,57,2,30,125.14,19.02,23.02,243.03
1754,57,2,30,125.85,19.09,23.02,236.15
1755,57,2,30,125.62,18.61,23.02,242.57
1756,57,2,30,131.06,19.11,22.73,227.01
1757,57,2,30,124.35,18.89,22.45,234.17
1758,57,1,30,125.27,19.05,22.73,234.36
1759,57,1,30,128.73,18.97,23.02,237.38
1760,57,1,30,124.35,18.89,22.45,234.17
1761,57,1,30,137.52,18.82,23.02,241.29
1762,57,1,30,124.68,19.24,22.73,248.01
1763,57,1,30,125.89,19.0,23.02,237.82
1764,57,1,30,131.4,19.01,22.73,224.39
1765,57,1,30,125.86,18.93,23.02,237.85
1766,57,0,30,124.86,19.02,22.73,236.01
1767,57,0,30,126.09,18.7,20.72,241.69
1768,57,0,30,128.09,19.17,22.73,235.7
1769,57,0,30,138.07,19.03,23.02,240.48
1770,57,0,30,124.68,19.24,22.73,248.01
1771,57,0,30,125.89,19.2,23.02,236.22
1772,57,0,30,128.09,19.17,22.73,259.27
1773,57,0,30,124.83,18.87,23.02,236.96
1774,57,0,30,124.85,19.0,22.73,235.73
1775,57,0,30,125.85,19.09,20.72,259.77
1776,57,0,30,123.85,19.1,22.45,233.89
1777,57,0,30,125.35,18.72,23.02,238.66
1778,57,0,30,125.18,19.01,20.46,236.11
1779,57,0,30,133.64,19.09,22.45,223.94
1780,58,4,30,129.74,19.09,22.73,230.05
1781,58,3,30,127.71,19.0,22.59,230.59
1782,58,3,30,125.38,18.81,23.02,242.8
1783,58,2,30,127.89,19.09,22.59,228.46
1784,58,2,30,133.64,19.09,22.45,223.94
1785,58,2,30,132.35,19.1,22.59,225.47
1786,58,2,30,134.47,19.05,22.88,208.82
1787,58,2,30,128.46,19.1,22.88,231.58
1788,58,1,30,128.65,19.11,22.88,230.3
1789,58,1,30,128.29,21.07,22.88,232.89
1790,58,1,30,125.56,19.07,22.88,211.73
1791,58,1,30,127.0,19.01,22.88,235.87
1792,58,1,30,132.52,19.05,22.59,224.16
1793,58,1,30,125.11,18.91,22.73,236.01
1794,58,1,30,129.39,19.06,22.73,233.48
1795,58,1,30,125.86,18.93,23.02,237.85
1796,58,1,30,129.74,19.09,22.73,230.05
1797,58,1,30,131.25,19.2,22.73,224.88
1798,58,0,30,132.53,19.19,22.59,223.35
1799,58,0,30,128.46,19.02,22.88,232.43
1800,58,0,30,125.27,19.08,22.88,242.93
1801,58,0,30,125.38,18.81,23.02,242.8
1802,58,0,30,125.38,18.81,23.02,242.8
1803,58,0,30,125.11,18.91,22.73,236.01
1804,58,0,30,128.1,19.07,22.88,235.02
1805,58,0,30,126.54,18.93,22.73,235.77
1806,58,0,30,128.64,19.19,22.88,206.51
1807,58,0,30,131.25,19.2,22.73,202.39
1808,58,0,30,127.89,19.09,22.59,228.46
1809,58,0,30,126.54,18.93,22.73,235.77
1810,59,3,30,132.11,17.17,22.81,197.49
1811,59,2,30,128.73,19.05,22.66,230.32
1812,59,2,30,131.69,19.09,24.85,226.99
1813,59,2,30,127.71,19.0,22.59,230.59
1814,59,2,30,126.92,18.96,22.95,237.19
1815,59,2,30,128.81,18.98,22.66,230.09
1816,59,2,30,131.69,19.09,22.59,226.99
1817,59,2,30,128.37,19.05,22.81,232.96
1818,59,2,30,131.93,19.05,22.81,221.15
1819,59,2,30,118.03,19.1,22.66,227.12
1820,59,1,30,129.74,19.09,22.73,230.05
1821,59,1,30,127.0,19.01,22.88,235.87
1822,59,1,30,128.37,20.08,22.88,232.24
1823,59,1,30,126.55,18.91,22.81,236.69
1824,59,1,30,128.73,19.05,22.66,230.32
1825,59,1,30,126.92,18.96,22.95,260.91
1826,59,1,30,131.09,19.03,22.73,219.7
1827,59,1,30,118.12,19.2,22.73,202.39
1828,59,1,30,126.64,19.04,22.73,221.16
1829,59,0,30,131.18,19.07,22.73,218.64
1830,59,0,30,132.11,19.07,22.81,219.43
1831,59,0,30,127.8,19.04,22.59,229.52
1832,59,0,30,129.02,19.08,22.81,231.89
1833,59,0,30,128.73,19.05,22.66,230.32
1834,59,0,30,130.11,19.03,22.59,227.38
1835,59,0,30,130.96,20.08,22.66,228.41
1836,59,0,30,128.18,19.05,22.73,230.45
1837,59,0,30,126.55,18.91,22.81,236.69
1838,59,0,30,128.18,19.09,22.73,230.02
1839,59,0,30,131.09,19.03,22.73,197.73
1840,60,3,30,128.82,18.97,22.77,228.2
1841,60,3,30,122.47,19.03,22.81,244.02
1842,60,3,30,132.02,18.11,22.81,209.32
1843,60,3,30,130.72,19.09,23.79,228.52
1844,60,2,30,126.73,18.93,22.88,236.94
1845,60,2,30,132.11,17.17,22.81,197.49
1846,60,2,30,129.7,19.05,23.72,228.79
1847,60,2,30,131.9,18.13,22.7,212.24
1848,60,1,30,128.37,19.05,22.81,232.96
1849,60,1,30,129.31,20.93,22.77,232.09
1850,60,1,30,129.31,19.02,23.9,243.95
1851,60,1,30,130.37,19.02,22.73,225.62
1852,60,1,30,129.16,19.06,23.79,224.08
1853,60,1,30,123.2,19.08,22.73,230.04
1854,60,1,30,130.72,19.09,23.79,228.52
1855,60,1,30,129.73,19.56,22.81,225.97
1856,60,1,30,130.46,18.07,22.73,213.79
1857,60,1,30,127.31,18.98,22.77,233.89
1858,60,0,30,132.02,18.11,22.81,209.32
1859,60,0,30,129.74,19.09,22.73,230.05
1860,60,0,30,130.24,18.11,22.81,215.22
1861,60,0,30,127.68,17.05,22.73,233.39
1862,60,0,30,131.39,19.06,22.66,223.35
1863,60,0,30,130.37,19.02,22.73,225.62
1864,60,0,30,127.82,19.0,22.81,245.61
1865,60,0,30,122.52,19.08,22.84,219.79
1866,60,0,30,132.11,17.17,22.81,197.49
1867,60,0,30,131.9,18.13,23.83,212.24
1868,60,0,30,127.87,18.97,22.81,233.64
1869,60,0,30,126.55,17.02,22.81,236.69
1870,61,3,30,131.31,18.61,23.24,220.38
1871,61,3,30,130.14,18.59,22.75,222.6
1872,61,3,30,130.21,19.07,23.76,228.65
1873,61,3,30,129.81,18.57,23.26,218.93
1874,61,3,30,129.77,20.93,23.28,228.36
1875,61,2,30,130.6,19.53,22.73,222.17
1876,61,2,30,129.6,18.99,22.75,226.91
1877,61,2,30,131.41,18.13,23.3,213.0
1878,61,1,30,130.42,20.39,22.79,218.76
1879,61,1,30,131.24,18.09,22.77,211.55
1880,61,1,30,131.96,18.12,22.75,210.78
1881,61,1,30,128.73,19.01,23.33,232.73
1882,61,1,30,126.6,19.06,23.3,236.27
1883,61,1,30,131.41,18.13,23.3,213.0
1884,61,1,30,130.21,19.07,23.76,228.65
1885,61,1,30,129.55,19.07,23.3,230.74
1886,61,1,30,130.21,19.07,23.76,228.65
1887,61,0,30,129.77,19.03,23.28,228.36
1888,61,0,30,125.89,19.98,22.79,238.05
1889,61,0,30,124.89,19.0,22.79,238.95
1890,61,0,30,132.0,17.65,22.75,204.86
1891,61,0,30,126.01,19.02,22.75,229.12
1892,61,0,30,131.96,18.12,22.75,231.86
1893,61,0,30,129.43,19.05,23.76,226.43
1894,61,0,30,126.6,19.06,23.3,236.27
1895,61,0,30,131.18,18.1,22.72,213.01
1896,61,0,30,131.18,18.1,22.72,213.01
1897,61,0,30,130.92,18.36,22.81,211.73
1898,61,0,30,129.77,19.04,23.26,224.85
1899,61,0,30,132.02,18.11,22.81,209.32
1900,62,4,30,130.61,20.18,23.28,215.97
1901,62,3,30,131.33,18.11,23.03,212.28
1902,62,3,30,130.81,18.6,23.53,220.83
1903,62,3,30,131.36,18.37,23.27,216.69
1904,62,3,30,128.2,18.81,23.28,227.6
1905,62,2,30,130.59,19.53,23.29,220.68
1906,62,2,30,130.37,19.06,22.74,222.38
1907,62,2,30,129.6,18.99,22.75,226.91
1908,62,2,30,130.89,18.34,23.01,214.86
1909,62,1,30,130.92,20.69,22.75,216.86
1910,62,1,30,130.56,18.59,23.25,219.66
1911,62,1,30,130.61,18.35,23.28,215.97
1912,62,1,30,130.01,18.82,21.16,223.79
1913,62,1,30,129.95,19.76,23.02,225.48
1914,62,1,30,130.53,18.33,20.71,215.24
1915,62,0,30,130.96,19.07,22.99,221.27
1916,62,0,30,117.08,20.66,23.03,223.56
1917,62,0,30,130.21,19.05,23.0,220.55
1918,62,0,30,130.61,16.51,23.28,215.97
1919,62,0,30,130.14,20.45,22.75,222.6
1920,62,0,30,130.56,18.59,23.25,219.66
1921,62,0,30,117.01,18.82,23.51,223.79
1922,62,0,30,129.99,20.0,23.52,228.51
1923,62,0,30,130.07,18.57,23.32,222.87
1924,62,0,30,130.81,18.6,23.53,220.83
1925,62,0,30,116.98,18.58,20.71,220.77
1926,62,0,30,130.61,18.35,23.28,215.97
1927,62,0,30,130.81,18.6,23.53,220.83
1928,62,0,30,130.72,18.6,23.0,221.49
1929,62,0,30,130.17,18.83,20.93,225.63
1930,63,4,30,130.59,19.39,23.27,217.81
1931,63,3,30,130.1,19.59,23.02,221.44
1932,63,3,30,129.4,19.17,23.28,224.14
1933,63,2,30,130.87,19.64,23.14,218.84
1934,63,2,30,130.76,20.11,23.02,218.77
1935,63,2,30,117.51,19.26,22.0,215.61
1936,63,2,30,130.6,19.86,23.28,218.32
1937,63,2,30,130.59,19.39,23.27,217.81
1938,63,2,30,129.41,19.5,23.28,221.78
1939,63,1,30,130.71,19.39,23.4,218.4
1940,63,1,30,129.29,18.94,23.01,224.99
1941,63,1,30,130.99,19.28,23.28,216.33
1942,63,1,30,130.81,18.6,23.53,220.83
1943,63,1,30,130.58,19.06,23.27,220.17
1944,63,1,30,129.41,19.5,23.28,243.96
1945,63,1,30,129.77,18.46,23.16,219.94
1946,63,1,30,130.24,18.67,22.88,220.88
1947,63,0,30,130.96,18.82,23.16,216.48
1948,63,0,30,130.71,19.39,21.06,218.4
1949,63,0,30,130.94,18.35,23.14,215.97
1950,63,0,30,130.99,17.35,23.28,216.33
1951,63,0,30,130.87,18.71,23.01,219.54
1952,63,0,30,130.28,19.97,23.15,220.72
1953,63,0,30,130.87,18.71,23.01,219.54
1954,63,0,30,117.64,19.39,23.4,218.4
1955,63,0,30,130.2,18.8,23.14,223.87
1956,63,0,30,130.63,18.7,22.87,218.62
1957,63,0,30,130.98,18.95,23.28,218.69
1958,63,0,30,130.49,19.62,23.01,219.17
1959,63,0,30,131.34,18.24,23.15,214.48
1960,64,4,30,130.08,19.64,23.15,221.46
1961,64,3,30,130.05,18.77,23.27,222.91
1962,64,3,30,129.99,19.12,23.28,222.15
1963,64,2,30,130.59,17.66,23.28,218.07
1964,64,2,30,124.05,19.32,22.63,216.71
1965,64,2,30,130.66,17.66,23.34,218.36
1966,64,1,30,129.29,18.94,23.01,224.99
1967,64,1,30,130.78,19.17,23.27,218.25
1968,64,1,30,129.41,19.5,23.28,243.96
1969,64,1,30,130.59,19.62,23.28,218.07
1970,64,1,30,130.14,19.57,23.21,220.31
1971,64,1,30,130.87,19.69,23.15,217.55
1972,64,1,30,130.61,18.97,23.08,218.61
1973,64,1,30,129.58,18.82,23.22,244.24
1974,64,1,30,130.18,18.92,23.21,218.88
1975,64,1,30,130.55,19.16,23.01,219.86
1976,64,1,30,130.0,19.44,23.27,230.89
1977,64,1,30,130.78,19.35,23.27,219.8
1978,64,1,30,130.08,19.64,23.15,221.46
1979,64,1,30,130.78,19.35,23.27,219.8
1980,64,0,30,130.73,19.75,23.21,218.58
1981,64,0,30,130.08,19.8,23.15,220.28
1982,64,0,30,130.59,19.39,23.27,217.81
1983,64,0,30,130.08,19.64,23.15,221.46
1984,64,0,30,130.05,19.28,23.34,221.27
1985,64,0,30,123.88,18.96,22.44,218.24
1986,64,0,30,130.59,19.62,23.28,218.07
1987,64,0,30,130.06,19.44,23.34,231.18
1988,64,0,30,130.79,19.52,23.27,218.62
1989,64,0,30,124.13,19.68,22.51,217.19
1990,65,3,30,130.39,18.29,20.92,218.47
1991,65,2,30,130.42,19.06,23.27,221.35
1992,65,2,30,127.06,19.48,22.89,219.08
1993,65,2,30,130.02,18.94,23.27,222.53
1994,65,2,30,130.08,19.64,23.15,221.46
1995,65,2,30,130.38,19.14,23.28,220.2
1996,65,2,30,130.05,18.77,23.27,222.91
1997,65,2,30,130.46,19.46,23.24,220.06
1998,65,2,30,130.04,19.54,23.21,226.17
1999,65,2,30,130.47,19.67,23.15,219.5
2000,65,1,30,130.06,19.2,23.21,222.18
2001,65,1,30,130.18,19.09,23.25,232.02
2002,65,1,30,130.78,19.17,23.27,218.25
2003,65,1,30,124.05,21.25,22.63,216.71
2004,65,1,30,130.03,18.58,23.31,231.16
2005,65,1,30,129.78,18.97,23.25,233.2
2006,65,1,30,130.37,18.65,23.25,219.91
2007,65,1,30,130.35,19.31,23.12,220.03
2008,65,1,30,130.37,18.65,23.25,219.91
2009,65,0,30,129.67,18.85,23.14,223.95
2010,65,0,30,130.72,18.41,23.31,218.31
2011,65,0,30,130.46,19.23,23.21,220.23
2012,65,0,30,130.06,19.2,23.21,222.18
2013,65,0,30,130.32,18.39,23.31,220.26
2014,65,0,30,127.06,19.48,22.89,219.08
2015,65,0,30,129.99,17.2,23.28,222.15
2016,65,0,30,130.34,19.63,23.21,219.76
2017,65,0,30,130.42,19.06,23.27,221.35
2018,65,0,30,130.04,21.06,23.14,222.4
2019,65,0,30,117.39,19.4,23.21,219.85
